,term,frequency
0,say,3026
1,go,2283
2,come,1682
3,will,1529
4,thou,1504
5,king,1199
6,take,1139
7,see,1039
8,can,1004
9,little,996
10,give,849
11,man,762
12,get,715
13,away,701
14,thee,653
15,now,587
16,time,568
17,old,556
18,make,533
19,look,521
20,know,507
21,must,496
22,however,481
23,great,476
24,father,469
25,sit,461
26,well,457
27,day,455
28,child,451
29,daughter,448
30,woman,447
31,back,445
32,fall,435
33,eat,430
34,answer,426
35,cry,425
36,shall,425
37,home,424
38,stand,424
39,good,422
40,want,418
41,thy,412
42,run,412
43,bring,404
44,let,401
45,tell,393
46,long,390
47,just,383
48,find,382
49,ask,380
50,put,375
51,still,371
52,son,370
53,nothing,361
54,like,360
55,way,341
56,door,340
57,forest,338
58,brother,338
59,think,336
60,house,333
61,begin,320
62,wife,319
63,quite,317
64,last,316
65,night,315
66,mother,309
67,hear,308
68,head,307
69,hand,297
70,art,285
71,carry,284
72,open,282
73,together,281
74,water,279
75,horse,277
76,beautiful,275
77,much,273
78,first,271
79,girl,264
80,tree,264
81,hast,260
82,bird,260
83,every,252
84,maiden,252
85,morning,250
86,eye,249
87,wish,247
88,lie,246
89,poor,243
90,also,243
91,heart,238
92,call,236
93,soon,235
94,set,233
95,hunt,233
96,gold,232
97,lay,230
98,never,230
99,live,225
100,bed,225
101,whole,224
102,dear,222
103,everything,221
104,han,221
105,thought,218
106,bell,218
107,golden,215
108,household,213
109,year,212
110,grimm,211
111,tale,211
112,might,209
113,george,208
114,life,208
115,us,208
116,huntsman,208
117,jacob,207
118,wilhelm,207
119,tran,207
120,margaret,207
121,london,207
122,cut,205
123,sleep,204
124,castle,203
125,place,203
126,next,202
127,young,200
128,thing,200
129,become,195
130,full,191
131,queen,191
132,may,190
133,fire,189
134,world,188
135,work,188
136,throw,187
137,something,187
138,said,185
139,tailor,185
140,peasant,185
141,wilt,183
142,piece,183
143,turn,182
144,boy,180
145,grow,179
146,round,177
147,oh,177
148,evening,177
149,reply,176
150,master,176
151,third,176
152,room,174
153,stay,174
154,left,174
155,right,173
156,order,172
157,fly,171
158,keep,167
159,fox,167
160,longer,166
161,money,166
162,help,165
163,drink,165
164,yes,165
165,without,164
166,table,163
167,layer,161
168,person,161
169,ah,160
170,behind,159
171,already,159
172,pass,159
173,hold,158
174,servant,158
175,another,158
176,dead,157
177,forth,154
178,second,154
179,drive,154
180,youth,153
181,lord,153
182,white,151
183,walk,148
184,bride,147
185,stone,145
186,draw,145
187,happen,144
188,giant,144
189,upon,144
190,god,144
191,kill,143
192,leave,143
193,soldier,143
194,death,142
195,wait,141
196,shalt,140
197,ground,138
198,light,138
199,foot,136
200,sister,136
201,wood,133
202,many,133
203,wolf,131
204,hair,130
205,speak,130
206,length,129
207,bread,129
208,die,128
209,bear,128
210,weep,126
211,better,126
212,anything,126
213,always,126
214,alone,125
215,heaven,125
216,hare,125
217,husband,124
218,meet,124
219,far,123
220,fetch,123
221,devil,123
222,side,122
223,window,121
224,lead,121
225,asleep,121
226,enough,121
227,seat,120
228,break,120
229,force,119
230,rest,118
231,mountain,118
232,show,117
233,promise,116
234,food,115
235,seek,115
236,yet,114
237,dost,113
238,word,113
239,rich,113
240,enter,113
241,face,112
242,reach,112
243,send,112
244,ride,111
245,lose,111
246,small,111
247,thus,110
248,remain,110
249,feel,109
250,cook,109
251,princess,108
252,end,107
253,blow,106
254,dress,105
255,even,104
256,animal,103
257,palace,102
258,wine,101
259,sprang,101
260,dog,101
261,cat,100
262,love,99
263,strike,99
264,sun,98
265,canst,98
266,else,98
267,black,98
268,till,98
269,wild,98
270,apple,98
271,kind,97
272,red,97
273,kingdom,95
274,awake,95
275,thyself,95
276,likewise,94
277,step,93
278,return,93
279,cock,93
280,grethel,93
281,leg,92
282,town,91
283,tear,91
284,learn,91
285,large,91
286,beg,89
287,miller,88
288,follow,87
289,faithful,87
290,dwarf,87
291,free,86
292,fast,86
293,cow,86
294,outside,85
295,cover,85
296,wind,85
297,peter,85
298,st,85
299,name,84
300,marry,84
301,rise,84
302,receive,83
303,creep,83
304,knock,83
305,ever,83
306,“,83
307,goat,83
308,lion,83
309,catch,82
310,care,82
311,play,82
312,certainly,82
313,near,82
314,shine,81
315,trouble,81
316,beneath,81
317,field,81
318,arm,80
319,pocket,80
320,prince,80
321,able,79
322,ready,79
323,ring,79
324,earth,79
325,wedding,79
326,true,78
327,shut,78
328,therefore,78
329,mouth,77
330,half,77
331,believe,77
332,stop,77
333,try,77
334,joy,76
335,fellow,76
336,air,76
337,fish,76
338,glass,76
339,count,76
340,high,75
341,”,75
342,meat,75
343,voice,74
344,need,74
345,seize,74
346,pick,74
347,eldest,74
348,pull,74
349,clothe,73
350,desire,73
351,quickly,73
352,watch,73
353,dance,73
354,royal,72
355,thereupon,72
356,hedgehog,72
357,seem,71
358,thither,71
359,ill,71
360,hour,71
361,shoe,71
362,angry,70
363,inside,70
364,sick,70
365,youngest,69
366,afraid,69
367,witch,69
368,country,69
369,none,69
370,snowwhite,69
371,pretty,68
372,change,68
373,please,68
374,finger,67
375,corner,67
376,sack,67
377,hans,67
378,listen,66
379,beside,66
380,touch,66
381,afterwards,66
382,cried,66
383,garden,66
384,beast,66
385,road,66
386,fine,66
387,wicked,65
388,carriage,65
389,fill,65
390,dish,65
391,onwards,65
392,hansel,65
393,dragon,65
394,appear,64
395,host,64
396,allow,64
397,goose,64
398,front,63
399,cause,63
400,iron,63
401,hang,63
402,blood,63
403,wall,62
404,body,62
405,hole,62
406,bit,62
407,towards,62
408,use,62
409,church,61
410,belong,61
411,jump,61
412,silver,61
413,lustig,61
414,hunger,60
415,suddenly,60
416,rejoice,60
417,immediately,60
418,indeed,60
419,climb,60
420,laugh,60
421,top,59
422,empty,59
423,shake,59
424,heavy,59
425,straw,59
426,deliver,58
427,drop,58
428,coat,58
429,stick,58
430,fear,58
431,big,58
432,sea,58
433,hill,58
434,close,57
435,mean,57
436,peace,57
437,burn,57
438,best,57
439,cart,57
440,beat,56
441,sword,56
442,land,56
443,strange,55
444,village,55
445,maid,55
446,straight,54
447,short,54
448,forget,54
449,mouse,54
450,neck,54
451,fare,54
452,bade,54
453,flower,54
454,stretch,53
455,part,53
456,arrive,53
457,john,53
458,thank,53
459,dark,52
460,feather,52
461,alas,52
462,wash,52
463,bad,52
464,asked,52
465,gather,52
466,power,52
467,raven,52
468,moon,52
469,human,51
470,tail,51
471,hard,51
472,hide,51
473,move,51
474,strong,51
475,mind,51
476,pray,51
477,present,51
478,warm,50
479,steal,50
480,green,50
481,robber,50
482,deep,49
483,axe,49
484,across,49
485,whether,49
486,kiss,49
487,basket,49
488,mine,48
489,stove,48
490,kitchen,48
491,chamber,48
492,stranger,48
493,shoot,48
494,sing,48
495,stable,48
496,leap,47
497,shoulder,47
498,tie,47
499,moment,47
500,form,47
501,meantime,46
502,happy,46
503,buy,46
504,neither,46
505,arise,46
506,terrify,46
507,skin,46
508,branch,46
509,hen,46
510,guest,46
511,quiet,45
512,clean,45
513,really,45
514,merry,45
515,key,45
516,leaf,45
517,alive,45
518,glad,45
519,treasure,45
520,knife,45
521,whosoever,45
522,bridegroom,45
523,parent,45
524,whose,44
525,frog,44
526,scream,44
527,instantly,44
528,hut,44
529,letter,44
530,ass,44
531,knapsack,44
532,perceive,43
533,bound,43
534,early,43
535,cellar,43
536,save,43
537,distance,43
538,push,42
539,scarcely,42
540,sight,42
541,thaler,42
542,hardly,42
543,creature,42
544,flounder,42
545,obey,41
546,age,41
547,sound,41
548,among,41
549,raise,41
550,inn,41
551,middle,41
552,cloth,41
553,drummer,41
554,roll,40
555,pity,40
556,wear,40
557,angel,40
558,behold,40
559,midst,40
560,peep,40
561,farther,40
562,quietly,40
563,handsome,40
564,strength,40
565,serve,40
566,jew,40
567,content,40
568,musician,40
569,travel,40
570,sang,40
571,roast,40
572,dream,40
573,mill,40
574,frederick,40
575,fat,39
576,shudder,39
577,stir,39
578,meadow,39
579,hurry,39
580,pay,39
581,thumbling,39
582,catherine,39
583,delighted,38
584,tall,38
585,within,38
586,new,38
587,willing,38
588,standing,38
589,evil,38
590,spirit,38
591,innkeeper,38
592,couple,38
593,sad,38
594,fair,38
595,reward,38
596,stepmother,38
597,dry,38
598,sparrow,38
599,lift,37
600,satisfied,37
601,spring,37
602,tongue,37
603,understand,37
604,story,37
605,earn,37
606,grave,37
607,whilst,37
608,observe,37
609,grandmother,37
610,handkerchief,37
611,wise,37
612,twoeye,37
613,tomorrow,36
614,journey,36
615,didst,36
616,tower,36
617,wide,36
618,tired,36
619,lamb,36
620,comb,36
621,whence,35
622,dinner,35
623,chair,35
624,today,35
625,devour,35
626,invite,35
627,swallow,35
628,judge,35
629,grant,35
630,often,35
631,bright,35
632,beard,35
633,needle,35
634,oblige,35
635,folk,35
636,egg,35
637,lake,35
638,parson,35
639,bottom,34
640,enjoy,34
641,certain,34
642,pot,34
643,friend,34
644,easily,34
645,thine,34
646,greatest,34
647,luck,34
648,sell,34
649,ears,34
650,fortune,34
651,spin,34
652,heap,34
653,service,34
654,slip,34
655,travelled,34
656,apprentice,34
657,command,33
658,answered,33
659,milk,33
660,snow,33
661,amongst,33
662,celebrate,33
663,used,33
664,satisfy,33
665,alarm,33
666,duck,33
667,behave,33
668,court,33
669,dove,33
670,recognize,33
671,write,33
672,exactly,33
673,corn,33
674,agree,32
675,misfortune,32
676,bargain,32
677,hurt,32
678,hall,32
679,mayst,32
680,sorrow,32
681,thief,32
682,haste,31
683,willingly,31
684,suffer,31
685,dare,31
686,perhaps,31
687,bone,31
688,ship,31
689,rather,31
690,gate,31
691,taste,31
692,anger,31
693,bury,31
694,chase,31
695,harm,31
696,clever,31
697,hungry,31
698,finish,31
699,bottle,31
700,fisherman,31
701,rock,31
702,trade,31
703,clock,31
704,ball,30
705,loudly,30
706,cold,30
707,harness,30
708,garment,30
709,rope,30
710,vain,30
711,bench,30
712,drag,30
713,merchant,30
714,music,30
715,whatsoever,30
716,whither,30
717,build,30
718,sleeping,30
719,instead,30
720,hat,30
721,donkey,30
722,godfather,30
723,astonish,29
724,roof,29
725,manage,29
726,fancy,29
727,accord,29
728,thrust,29
729,false,29
730,boil,29
731,beer,29
732,root,29
733,clear,29
734,cinderella,29
735,pearl,28
736,besides,28
737,bore,28
738,sky,28
739,late,28
740,loud,28
741,noise,28
742,win,28
743,beauty,28
744,since,28
745,barrel,28
746,goodbye,28
747,wing,28
748,search,28
749,calf,28
750,jewel,27
751,grass,27
752,easy,27
753,dwell,27
754,nut,27
755,disappear,27
756,reason,27
757,stream,27
758,splendid,27
759,dearest,27
760,rage,27
761,happily,27
762,common,27
763,box,27
764,shape,27
765,stroke,27
766,cake,27
767,offer,27
768,betroth,27
769,question,27
770,shepherd,27
771,comfort,26
772,companion,26
773,plate,26
774,grief,26
775,star,26
776,stupid,26
777,comrade,26
778,aware,26
779,cost,26
780,magnificent,26
781,mount,26
782,discover,26
783,pond,26
784,hit,26
785,mercy,26
786,pair,26
787,fool,26
788,loaf,26
789,spread,26
790,ash,26
791,stag,26
792,choose,26
793,along,26
794,redcap,26
795,elsie,26
796,sir,26
797,vanish,25
798,whatever,25
799,perform,25
800,consent,25
801,inquire,25
802,single,25
803,daily,25
804,kindly,25
805,happiness,25
806,stair,25
807,intend,25
808,pillow,25
809,deal,25
810,befall,25
811,shore,25
812,courtyard,25
813,knee,25
814,paid,25
815,wonderful,25
816,yard,25
817,cottage,25
818,rapunzel,25
819,carefully,25
820,saddle,25
821,soup,25
822,farmer,25
823,marlinchen,25
824,chance,25
825,lookingglass,25
826,knight,25
827,griffin,25
828,lament,24
829,venture,24
830,forbid,24
831,continually,24
832,shelter,24
833,continue,24
834,secretly,24
835,either,24
836,gallows,24
837,flow,24
838,soft,24
839,meal,24
840,thread,24
841,precious,24
842,pleasure,24
843,escape,24
844,twice,24
845,enemy,24
846,shot,24
847,blue,24
848,pluck,24
849,idle,24
850,hearth,24
851,singing,24
852,toad,24
853,nevertheless,24
854,cage,24
855,cap,24
856,candle,24
857,coal,24
858,gun,24
859,captain,24
860,cudgel,24
861,summons,24
862,kreuzer,24
863,mannikin,24
864,ferdinand,24
865,whenever,23
866,cup,23
867,crack,23
868,sweet,23
869,terror,23
870,remember,23
871,mantle,23
872,burnt,23
873,backward,23
874,guard,23
875,ye,23
876,hark,23
877,coffin,23
878,therein,23
879,cupboard,23
880,sew,23
881,safe,23
882,wound,23
883,worth,23
884,ox,23
885,snake,23
886,feast,23
887,ear,23
888,rush,23
889,slowly,23
890,ascend,23
891,boot,23
892,divide,23
893,cave,23
894,rid,23
895,boat,23
896,task,23
897,miss,23
898,cheese,23
899,spend,23
900,sausage,23
901,kettle,23
902,bag,23
903,bleat,23
904,bearskin,23
905,bewitch,22
906,spot,22
907,rain,22
908,sharp,22
909,midnight,22
910,hasten,22
911,forwards,22
912,song,22
913,chest,22
914,add,22
915,prepare,22
916,countryman,22
917,shirt,22
918,around,22
919,instant,22
920,weary,22
921,horn,22
922,pour,22
923,cheek,22
924,flight,22
925,point,22
926,street,22
927,succeed,22
928,fulfill,22
929,priest,22
930,load,22
931,flock,22
932,pig,22
933,pain,21
934,miserable,21
935,demand,21
936,nail,21
937,expect,21
938,merrily,21
939,darkness,21
940,waitingmaid,21
941,monster,21
942,beautifully,21
943,greater,21
944,delight,21
945,forward,21
946,pure,21
947,fiddle,21
948,wander,21
949,wouldst,21
950,marriage,21
951,share,21
952,deserve,21
953,safely,21
954,larger,21
955,hung,21
956,mr,21
957,nose,21
958,limb,21
959,boar,21
960,brought,21
961,riddle,21
962,different,21
963,measure,21
964,gossip,21
965,prison,21
966,farthing,21
967,bundle,21
968,bailiff,21
969,maleen,21
970,ugly,20
971,sank,20
972,nearer,20
973,chain,20
974,unhappy,20
975,advice,20
976,favour,20
977,desert,20
978,fresh,20
979,path,20
980,flame,20
981,salt,20
982,waken,20
983,waggoner,20
984,lid,20
985,fourth,20
986,wherein,20
987,aik,20
988,relate,20
989,lot,20
990,scholar,20
991,notice,20
992,frighten,20
993,nest,20
994,broom,20
995,wheel,20
996,hew,20
997,fruit,20
998,directly,20
999,weak,20
1000,growl,20
1001,mock,20
1002,astonishment,20
1003,draught,20
1004,guess,20
1005,dig,20
1006,circle,20
1007,cabbage,20
1008,turnip,20
1009,wage,20
1010,doctor,20
1011,oneeye,20
1012,talk,19
1013,upstairs,19
1014,terribly,19
1015,conduct,19
1016,entirely,19
1017,virgin,19
1018,splendour,19
1019,lock,19
1020,thicket,19
1021,truth,19
1022,simpleton,19
1023,supper,19
1024,sake,19
1025,consider,19
1026,goldsmith,19
1027,require,19
1028,conceal,19
1029,attendant,19
1030,otherwise,19
1031,butcher,19
1032,wonder,19
1033,announce,19
1034,thieve,19
1035,treat,19
1036,gift,19
1037,bolt,19
1038,cross,19
1039,war,19
1040,idea,19
1041,mile,19
1042,emperor,19
1043,pope,19
1044,resolve,19
1045,pea,19
1046,chicken,19
1047,suit,19
1048,month,19
1049,exchange,19
1050,hell,19
1051,thick,18
1052,hop,18
1053,everywhere,18
1054,sin,18
1055,descend,18
1056,innocent,18
1057,enchant,18
1058,cure,18
1059,fifth,18
1060,drown,18
1061,danger,18
1062,shouldst,18
1063,sail,18
1064,betray,18
1065,pale,18
1066,healthy,18
1067,fasten,18
1068,heat,18
1069,hunting,18
1070,beggar,18
1071,condition,18
1072,sweep,18
1073,mighty,18
1074,sure,18
1075,number,18
1076,tremble,18
1077,sheep,18
1078,mistress,18
1079,messenger,18
1080,wealth,18
1081,meh,18
1082,property,18
1083,paw,17
1084,silent,17
1085,rub,17
1086,hedge,17
1087,roe,17
1088,comest,17
1089,ago,17
1090,breast,17
1091,smith,17
1092,seventh,17
1093,snore,17
1094,possible,17
1095,stomach,17
1096,matter,17
1097,manner,17
1098,unto,17
1099,bedroom,17
1100,bless,17
1101,pan,17
1102,thirst,17
1103,quick,17
1104,cast,17
1105,pretend,17
1106,complain,17
1107,row,17
1108,secret,17
1109,wrong,17
1110,though,17
1111,quarter,17
1112,whistle,17
1113,depart,17
1114,festival,17
1115,pear,17
1116,courage,17
1117,lady,17
1118,drunk,17
1119,release,17
1120,sorrowful,17
1121,marshal,17
1122,plough,17
1123,clerk,17
1124,glassmountain,17
1125,almost,16
1126,mouthful,16
1127,refuse,16
1128,mary,16
1129,torment,16
1130,birth,16
1131,utter,16
1132,entreat,16
1133,dawn,16
1134,ladder,16
1135,teach,16
1136,latter,16
1137,claw,16
1138,strew,16
1139,thirsty,16
1140,unfortunate,16
1141,bark,16
1142,hither,16
1143,bite,16
1144,pigeon,16
1145,difficulty,16
1146,sentence,16
1147,swim,16
1148,roebuck,16
1149,ho,16
1150,enchantress,16
1151,salad,16
1152,silk,16
1153,escap,16
1154,breath,16
1155,wave,16
1156,weigh,16
1157,heard,16
1158,crowd,16
1159,counsel,16
1160,crow,16
1161,purse,16
1162,gentleman,16
1163,former,16
1164,kywitt,16
1165,owl,16
1166,beloved,16
1167,edge,16
1168,cunning,16
1169,nix,16
1170,cloak,16
1171,threeeye,16
1172,crown,15
1173,wert,15
1174,winter,15
1175,doubt,15
1176,fit,15
1177,thorn,15
1178,bush,15
1179,confess,15
1180,younger,15
1181,business,15
1182,honest,15
1183,trick,15
1184,ashamed,15
1185,tooth,15
1186,wake,15
1187,injury,15
1188,embrace,15
1189,apron,15
1190,weave,15
1191,solemnize,15
1192,snatch,15
1193,rascal,15
1194,trunk,15
1195,boldly,15
1196,gallop,15
1197,peck,15
1198,angrily,15
1199,prick,15
1200,hot,15
1201,brook,15
1202,hope,15
1203,pierce,15
1204,blind,15
1205,stepdaughter,15
1206,elf,15
1207,sunday,15
1208,flax,15
1209,broad,15
1210,bridge,15
1211,burden,15
1212,wooer,15
1213,physician,15
1214,destroy,15
1215,smoke,15
1216,nearly,15
1217,daybreak,15
1218,nay,15
1219,beating,15
1220,higher,15
1221,sign,15
1222,slipper,15
1223,poison,15
1224,arrange,15
1225,shock,15
1226,tap,15
1227,lame,15
1228,aside,15
1229,neighbour,15
1230,soul,15
1231,pursue,15
1232,reel,15
1233,conrad,15
1234,wand,15
1235,aim,15
1236,headservant,15
1237,silken,14
1238,lest,14
1239,worse,14
1240,misery,14
1241,bitterly,14
1242,declare,14
1243,justice,14
1244,smile,14
1245,elder,14
1246,imagine,14
1247,learnt,14
1248,opposite,14
1249,scold,14
1250,support,14
1251,approach,14
1252,fishpond,14
1253,threshold,14
1254,howl,14
1255,softly,14
1256,rough,14
1257,housedoor,14
1258,speed,14
1259,stoop,14
1260,picture,14
1261,occur,14
1262,badly,14
1263,heartily,14
1264,heavily,14
1265,account,14
1266,news,14
1267,vegetable,14
1268,whirr,14
1269,dirty,14
1270,prayer,14
1271,surely,14
1272,increase,14
1273,handful,14
1274,real,14
1275,yarn,14
1276,violent,14
1277,industrious,14
1278,spinningwheel,14
1279,midday,14
1280,threaten,14
1281,smell,14
1282,read,14
1283,mark,14
1284,club,14
1285,spear,14
1286,plenty,14
1287,poverty,14
1288,token,14
1289,hereupon,14
1290,magic,14
1291,hay,14
1292,junipertree,14
1293,spindle,14
1294,fairest,14
1295,charcoalburner,14
1296,roland,14
1297,mayor,14
1298,gambling,14
1299,scrape,14
1300,joseph,14
1301,cool,13
1302,opportunity,13
1303,beware,13
1304,storm,13
1305,nod,13
1306,although,13
1307,living,13
1308,sigh,13
1309,visit,13
1310,hange,13
1311,burning,13
1312,daylight,13
1313,kid,13
1314,bowl,13
1315,swiftly,13
1316,kneel,13
1317,afar,13
1318,troop,13
1319,wow,13
1320,bid,13
1321,bough,13
1322,born,13
1323,eating,13
1324,herb,13
1325,sometimes,13
1326,tr,13
1327,surround,13
1328,sooner,13
1329,river,13
1330,noon,13
1331,press,13
1332,murder,13
1333,smooth,13
1334,request,13
1335,perish,13
1336,yellow,13
1337,nimbly,13
1338,den,13
1339,book,13
1340,jug,13
1341,pitcher,13
1342,hound,13
1343,fright,13
1344,beam,13
1345,gardener,13
1346,saint,13
1347,pastor,13
1348,shoemaker,13
1349,cask,13
1350,heal,13
1351,honey,13
1352,log,13
1353,harry,13
1354,compel,13
1355,image,13
1356,silly,12
1357,violently,12
1358,lip,12
1359,greedy,12
1360,examine,12
1361,hollow,12
1362,flesh,12
1363,figure,12
1364,purpose,12
1365,sorry,12
1366,spake,12
1367,game,12
1368,looked,12
1369,wretch,12
1370,bar,12
1371,truly,12
1372,struggle,12
1373,breathe,12
1374,past,12
1375,spit,12
1376,pardon,12
1377,constantly,12
1378,determine,12
1379,gain,12
1380,luckchild,12
1381,passion,12
1382,lend,12
1383,oaktree,12
1384,cord,12
1385,possession,12
1386,delicate,12
1387,proud,12
1388,kick,12
1389,collar,12
1390,health,12
1391,deed,12
1392,wrapped,12
1393,scratch,12
1394,envious,12
1395,swing,12
1396,spinning,12
1397,apparel,12
1398,properly,12
1399,fate,12
1400,sand,12
1401,grey,12
1402,cloud,12
1403,found,12
1404,less,12
1405,friendly,12
1406,pious,12
1407,seed,12
1408,murderer,12
1409,proclaim,12
1410,shuttle,12
1411,sinner,12
1412,awaken,12
1413,laden,12
1414,herd,12
1415,upstair,12
1416,pasture,12
1417,bridle,12
1418,contrive,12
1419,fix,12
1420,wizard,12
1421,lina,12
1422,fundevogel,12
1423,crooked,12
1424,traveller,12
1425,gracious,12
1426,runner,12
1427,masterthief,12
1428,flute,12
1429,schulz,12
1430,valley,12
1431,twoeyes,12
1432,roser,12
1433,yesterday,11
1434,tire,11
1435,imprison,11
1436,altar,11
1437,magnificence,11
1438,awhile,11
1439,surprise,11
1440,councillor,11
1441,churchyard,11
1442,sexton,11
1443,highway,11
1444,shame,11
1445,throat,11
1446,i,11
1447,eh,11
1448,terrible,11
1449,baker,11
1450,sixth,11
1451,scissors,11
1452,aloud,11
1453,tender,11
1454,preserve,11
1455,remark,11
1456,dancing,11
1457,sole,11
1458,recover,11
1459,tonight,11
1460,punishment,11
1461,speaking,11
1462,prisoner,11
1463,faint,11
1464,deeper,11
1465,landlord,11
1466,heath,11
1467,limp,11
1468,nurse,11
1469,cradle,11
1470,wet,11
1471,strawberry,11
1472,distress,11
1473,feed,11
1474,possibly,11
1475,pile,11
1476,week,11
1477,lean,11
1478,blessing,11
1479,fight,11
1480,spare,11
1481,overtake,11
1482,wretched,11
1483,sort,11
1484,tiny,11
1485,lucky,11
1486,butter,11
1487,hind,11
1488,undertake,11
1489,crafty,11
1490,lap,11
1491,sweeping,11
1492,proper,11
1493,wherever,11
1494,driver,11
1495,mrs,11
1496,millstone,11
1497,floor,11
1498,swan,11
1499,repeat,11
1500,spoon,11
1501,sweetheart,11
1502,briar,11
1503,whip,11
1504,lower,11
1505,accept,11
1506,stout,11
1507,allerleirauh,11
1508,joringel,11
1509,gamble,11
1510,falada,11
1511,fed,11
1512,trina,11
1513,walpe,11
1514,limetree,10
1515,croak,10
1516,swimming,10
1517,longing,10
1518,brown,10
1519,lick,10
1520,woodcutter,10
1521,sorrowfully,10
1522,trial,10
1523,uneasy,10
1524,stride,10
1525,entrance,10
1526,difficult,10
1527,hollo,10
1528,except,10
1529,guide,10
1530,apartment,10
1531,paint,10
1532,vessel,10
1533,board,10
1534,curiosity,10
1535,hastily,10
1536,praise,10
1537,stopping,10
1538,inform,10
1539,punish,10
1540,trot,10
1541,benjamin,10
1542,appease,10
1543,forehead,10
1544,lily,10
1545,student,10
1546,persuade,10
1547,coachman,10
1548,thin,10
1549,start,10
1550,suspect,10
1551,nice,10
1552,lovely,10
1553,plant,10
1554,case,10
1555,separate,10
1556,aha,10
1557,swept,10
1558,compassion,10
1559,soundly,10
1560,thrice,10
1561,excuse,10
1562,withered,10
1563,morsel,10
1564,weariness,10
1565,oven,10
1566,lightning,10
1567,ruin,10
1568,rescue,10
1569,provide,10
1570,starve,10
1571,alight,10
1572,company,10
1573,fishing,10
1574,shiver,10
1575,roar,10
1576,post,10
1577,concern,10
1578,wooden,10
1579,lentil,10
1580,goodday,10
1581,weather,10
1582,louse,10
1583,flea,10
1584,walking,10
1585,seest,10
1586,barn,10
1587,scythe,10
1588,naked,10
1589,risk,10
1590,fowls,10
1591,cease,10
1592,earnest,10
1593,lonely,10
1594,bestow,10
1595,thrushbeard,10
1596,hadst,10
1597,dummling,10
1598,noble,10
1599,race,10
1600,least,10
1601,silence,10
1602,lark,10
1603,semsi,10
1604,pfriem,10
1605,churchdoor,10
1606,insist,9
1607,burst,9
1608,fur,9
1609,unlock,9
1610,ice,9
1611,sat,9
1612,wonderfully,9
1613,sink,9
1614,hearken,9
1615,poke,9
1616,fiery,9
1617,skull,9
1618,anxiety,9
1619,dangerous,9
1620,obtain,9
1621,pitch,9
1622,restore,9
1623,groschen,9
1624,jest,9
1625,sentry,9
1626,cheat,9
1627,ragged,9
1628,bent,9
1629,twist,9
1630,summer,9
1631,oak,9
1632,deer,9
1633,washing,9
1634,dumb,9
1635,span,9
1636,dispute,9
1637,beak,9
1638,pipe,9
1639,dart,9
1640,attack,9
1641,consume,9
1642,brightly,9
1643,delightful,9
1644,anxious,9
1645,tend,9
1646,bath,9
1647,joyfully,9
1648,frock,9
1649,reveal,9
1650,finest,9
1651,welcome,9
1652,o,9
1653,neighbourhood,9
1654,parlour,9
1655,forfeit,9
1656,suitor,9
1657,equal,9
1658,grain,9
1659,ray,9
1660,bean,9
1661,hovel,9
1662,velvet,9
1663,drum,9
1664,sore,9
1665,cheap,9
1666,embroider,9
1667,upper,9
1668,rob,9
1669,horseman,9
1670,patch,9
1671,buckle,9
1672,loose,9
1673,pickaxe,9
1674,gown,9
1675,stocking,9
1676,proof,9
1677,act,9
1678,joyously,9
1679,settle,9
1680,trust,9
1681,waste,9
1682,east,9
1683,brave,9
1684,refresh,9
1685,watchman,9
1686,ferryman,9
1687,fold,9
1688,curious,9
1689,sleeve,9
1690,gladly,9
1691,plain,9
1692,relation,9
1693,turner,9
1694,dust,9
1695,stare,9
1696,fault,9
1697,oho,9
1698,farewell,9
1699,chop,9
1700,collect,9
1701,necklace,9
1702,enchantment,9
1703,twelfth,9
1704,impossible,9
1705,fiddler,9
1706,lace,9
1707,honour,9
1708,shabby,9
1709,manikin,9
1710,furrow,9
1711,advance,9
1712,cowherd,9
1713,entire,9
1714,unknown,9
1715,discharge,9
1716,gateway,9
1717,eagle,9
1718,cham,9
1719,eve,9
1720,firtwister,9
1721,brindled,9
1722,fountain,8
1723,godmother,8
1724,wager,8
1725,dwelling,8
1726,accompany,8
1727,opening,8
1728,worthy,8
1729,wilderness,8
1730,torn,8
1731,permit,8
1732,dearly,8
1733,condemn,8
1734,stake,8
1735,forgive,8
1736,mutter,8
1737,taller,8
1738,forge,8
1739,pleasant,8
1740,deceive,8
1741,miserably,8
1742,forsake,8
1743,bucket,8
1744,pail,8
1745,compare,8
1746,related,8
1747,anguish,8
1748,wedge,8
1749,revenge,8
1750,gladness,8
1751,glitter,8
1752,protect,8
1753,cooking,8
1754,accuse,8
1755,quicker,8
1756,thoroughly,8
1757,rampion,8
1758,clutch,8
1759,goest,8
1760,horror,8
1761,hammer,8
1762,procure,8
1763,amiss,8
1764,disturb,8
1765,pancake,8
1766,bake,8
1767,godless,8
1768,perfect,8
1769,wondrous,8
1770,inclination,8
1771,fortunately,8
1772,grieve,8
1773,presently,8
1774,perch,8
1775,line,8
1776,crystal,8
1777,throne,8
1778,march,8
1779,endure,8
1780,inspect,8
1781,stitch,8
1782,powerful,8
1783,twig,8
1784,dismissal,8
1785,putt,8
1786,several,8
1787,yardmeasure,8
1788,bedside,8
1789,sheet,8
1790,sticking,8
1791,heel,8
1792,warn,8
1793,dip,8
1794,impatient,8
1795,blame,8
1796,league,8
1797,meanwhile,8
1798,gently,8
1799,creak,8
1800,natural,8
1801,bacon,8
1802,lodging,8
1803,henceforth,8
1804,future,8
1805,couldst,8
1806,fork,8
1807,assemble,8
1808,carpenter,8
1809,bee,8
1810,size,8
1811,leather,8
1812,following,8
1813,shovel,8
1814,potato,8
1815,sharpen,8
1816,test,8
1817,wreath,8
1818,pack,8
1819,treachery,8
1820,vagabond,8
1821,vexed,8
1822,lover,8
1823,kate,8
1824,bull,8
1825,coach,8
1826,pace,8
1827,jorinda,8
1828,hermit,8
1829,eleventh,8
1830,sleepingdraught,8
1831,bushel,8
1832,mortar,8
1833,preach,8
1834,laurelleaf,8
1835,bloom,8
1836,willowwren,8
1837,veitli,8
1838,pit,8
1839,uele,8
1840,bittern,8
1841,rinkrank,8
1842,nettleplant,8
1843,beyond,7
1844,louder,7
1845,ail,7
1846,avail,7
1847,delay,7
1848,safety,7
1849,christening,7
1850,usual,7
1851,apostle,7
1852,gnaw,7
1853,freeze,7
1854,loss,7
1855,extinguish,7
1856,repent,7
1857,bend,7
1858,respect,7
1859,rang,7
1860,conversation,7
1861,faster,7
1862,chimney,7
1863,join,7
1864,split,7
1865,lump,7
1866,nowhere,7
1867,twain,7
1868,incline,7
1869,smear,7
1870,maintain,7
1871,rogue,7
1872,crevice,7
1873,liberty,7
1874,design,7
1875,charm,7
1876,ripe,7
1877,pin,7
1878,moss,7
1879,nimble,7
1880,suckle,7
1881,resound,7
1882,greet,7
1883,perspiration,7
1884,h,7
1885,overcome,7
1886,tread,7
1887,pebble,7
1888,yield,7
1889,crumb,7
1890,linen,7
1891,battle,7
1892,conquer,7
1893,victory,7
1894,regain,7
1895,conceive,7
1896,ant,7
1897,compassionate,7
1898,oppose,7
1899,bigger,7
1900,girdle,7
1901,quarrel,7
1902,betake,7
1903,smote,7
1904,appoint,7
1905,hazeltree,7
1906,dirt,7
1907,appointed,7
1908,slew,7
1909,booty,7
1910,attend,7
1911,malicious,7
1912,school,7
1913,plan,7
1914,lastly,7
1915,signal,7
1916,horrible,7
1917,wherewith,7
1918,whereupon,7
1919,ferry,7
1920,ashheap,7
1921,contentedly,7
1922,furious,7
1923,accomplish,7
1924,joiner,7
1925,goldass,7
1926,tablecloth,7
1927,ducat,7
1928,hire,7
1929,labour,7
1930,strip,7
1931,hearty,7
1932,sting,7
1933,reign,7
1934,patient,7
1935,glance,7
1936,mistake,7
1937,reflect,7
1938,delicious,7
1939,sultan,7
1940,vigorous,7
1941,contain,7
1942,forgotten,7
1943,briarrose,7
1944,fowl,7
1945,track,7
1946,waggon,7
1947,whereon,7
1948,clasp,7
1949,intention,7
1950,mirror,7
1951,fail,7
1952,foal,7
1953,soar,7
1954,wishingring,7
1955,visible,7
1956,afternoon,7
1957,stromberg,7
1958,sermon,7
1959,bagpipe,7
1960,mud,7
1961,katrinelje,7
1962,depth,7
1963,herring,7
1964,millpond,7
1965,footbridge,7
1966,occasion,6
1967,splash,6
1968,plainly,6
1969,promised,6
1970,choke,6
1971,henry,6
1972,band,6
1973,deliverance,6
1974,provision,6
1975,cousin,6
1976,verily,6
1977,bunch,6
1978,berry,6
1979,defend,6
1980,pride,6
1981,rag,6
1982,men,6
1983,sadly,6
1984,passage,6
1985,anvil,6
1986,t,6
1987,fosterfather,6
1988,fidelity,6
1989,mourn,6
1990,glove,6
1991,fond,6
1992,sprinkle,6
1993,attention,6
1994,apart,6
1995,string,6
1996,hence,6
1997,highest,6
1998,swear,6
1999,tub,6
2000,objection,6
2001,grandfather,6
2002,envy,6
2003,dread,6
2004,heavier,6
2005,snap,6
2006,gaze,6
2007,mockingly,6
2008,roam,6
2009,decision,6
2010,widow,6
2011,paper,6
2012,basketful,6
2013,scullion,6
2014,surprised,6
2015,chin,6
2016,thumb,6
2017,quantity,6
2018,lazy,6
2019,dim,6
2020,witchs,6
2021,illness,6
2022,unseen,6
2023,wisdom,6
2024,language,6
2025,bill,6
2026,reed,6
2027,quiver,6
2028,city,6
2029,whoever,6
2030,rustling,6
2031,homewards,6
2032,broth,6
2033,unable,6
2034,ilsabil,6
2035,hanging,6
2036,chandelier,6
2037,carpet,6
2038,ornament,6
2039,diamond,6
2040,jam,6
2041,comfortably,6
2042,bravely,6
2043,lack,6
2044,cavern,6
2045,pointed,6
2046,warrior,6
2047,hero,6
2048,affair,6
2049,pigeonhouse,6
2050,tight,6
2051,stumble,6
2052,sunbeam,6
2053,wolfs,6
2054,breman,6
2055,lute,6
2056,prefer,6
2057,nature,6
2058,lamentation,6
2059,plague,6
2060,goodness,6
2061,sooty,6
2062,appletree,6
2063,arrival,6
2064,knowest,6
2065,rejoicing,6
2066,basin,6
2067,net,6
2068,heavenly,6
2069,knave,6
2070,shave,6
2071,industriously,6
2072,bare,6
2073,bricklebrit,6
2074,knot,6
2075,heed,6
2076,moonlight,6
2077,darling,6
2078,herr,6
2079,block,6
2080,givest,6
2081,firmly,6
2082,weddingguest,6
2083,garret,6
2084,centre,6
2085,klipp,6
2086,klapp,6
2087,cheer,6
2088,greatly,6
2089,forester,6
2090,haughty,6
2091,alm,6
2092,moreover,6
2093,colour,6
2094,tightly,6
2095,poisonous,6
2096,drip,6
2097,plunge,6
2098,grasp,6
2099,prevail,6
2100,flutter,6
2101,counter,6
2102,pronounce,6
2103,cupbearer,6
2104,useless,6
2105,pinch,6
2106,thirdly,6
2107,resemble,6
2108,opposition,6
2109,payment,6
2110,neighbouring,6
2111,inquired,6
2112,enormous,6
2113,holy,6
2114,fragment,6
2115,honestly,6
2116,lad,6
2117,grind,6
2118,smockfrock,6
2119,goldchild,6
2120,goosegirl,6
2121,e,6
2122,hover,6
2123,writing,6
2124,deliverer,6
2125,map,6
2126,sow,6
2127,göckerli,6
2128,hilloa,6
2129,ugliness,6
2130,drudge,6
2131,mallet,6
2132,pen,6
2133,disgrace,6
2134,hoe,6
2135,christopher,6
2136,earthworker,6
2137,surrender,6
2138,harder,6
2139,hm,6
2140,unfaithful,6
2141,pifpafpoltrie,6
2142,malcho,6
2143,highandmighty,6
2144,käsetraut,6
2145,adder,6
2146,stableboy,6
2147,seame,6
2148,hoopoe,6
2149,gray,6
2150,mansrot,6
2151,plaything,5
2152,marble,5
2153,despise,5
2154,odious,5
2155,store,5
2156,odd,5
2157,family,5
2158,christen,5
2159,dainty,5
2160,thirteenth,5
2161,quit,5
2162,asunder,5
2163,abundance,5
2164,whisper,5
2165,soften,5
2166,restrain,5
2167,melt,5
2168,sensible,5
2169,bewail,5
2170,turned,5
2171,motionless,5
2172,downstairs,5
2173,foolish,5
2174,thence,5
2175,low,5
2176,you,5
2177,ha,5
2178,rattle,5
2179,vault,5
2180,portrait,5
2181,furniture,5
2182,ware,5
2183,toe,5
2184,bridal,5
2185,understood,5
2186,foretell,5
2187,spat,5
2188,execute,5
2189,twin,5
2190,owe,5
2191,greyhound,5
2192,patiently,5
2193,reproach,5
2194,firm,5
2195,space,5
2196,fortunate,5
2197,gratitude,5
2198,flag,5
2199,bloodred,5
2200,selfsame,5
2201,conscience,5
2202,distinguished,5
2203,eggshell,5
2204,ragamuffin,5
2205,afresh,5
2206,hunter,5
2207,grumble,5
2208,suffocate,5
2209,clamber,5
2210,necessity,5
2211,unfasten,5
2212,solitude,5
2213,braid,5
2214,dame,5
2215,acquaint,5
2216,loft,5
2217,woo,5
2218,frozen,5
2219,blade,5
2220,stepsister,5
2221,backdoor,5
2222,fling,5
2223,dowry,5
2224,aunt,5
2225,toss,5
2226,groan,5
2227,plank,5
2228,bitter,5
2229,lighted,5
2230,fatigue,5
2231,alighted,5
2232,reality,5
2233,unless,5
2234,prove,5
2235,gasp,5
2236,repay,5
2237,clumsy,5
2238,flap,5
2239,await,5
2240,grateful,5
2241,amaze,5
2242,luckily,5
2243,foreign,5
2244,rod,5
2245,trumpet,5
2246,smallest,5
2247,rib,5
2248,thunder,5
2249,pound,5
2250,sale,5
2251,german,5
2252,admire,5
2253,workshop,5
2254,readily,5
2255,useful,5
2256,convey,5
2257,halfway,5
2258,belabour,5
2259,bethink,5
2260,unicorn,5
2261,state,5
2262,bow,5
2263,stool,5
2264,excellent,5
2265,bleed,5
2266,sense,5
2267,careful,5
2268,sweetly,5
2269,trough,5
2270,weaker,5
2271,mew,5
2272,lively,5
2273,stab,5
2274,west,5
2275,slay,5
2276,float,5
2277,marketplace,5
2278,joyful,5
2279,injure,5
2280,stall,5
2281,distinguish,5
2282,decide,5
2283,mass,5
2284,piteously,5
2285,veil,5
2286,wherewithal,5
2287,caress,5
2288,journeyman,5
2289,nostril,5
2290,produce,5
2291,ease,5
2292,thumble,5
2293,vexation,5
2294,quarters,5
2295,especially,5
2296,fodder,5
2297,describe,5
2298,arouse,5
2299,spoil,5
2300,possess,5
2301,self,5
2302,clothing,5
2303,solitary,5
2304,tis,5
2305,thinkest,5
2306,hogshead,5
2307,korbe,5
2308,famous,5
2309,skill,5
2310,keyhole,5
2311,frau,5
2312,trude,5
2313,takest,5
2314,fist,5
2315,resist,5
2316,married,5
2317,fulfil,5
2318,thimble,5
2319,drawer,5
2320,treasurechamber,5
2321,klink,5
2322,liking,5
2323,mow,5
2324,bloody,5
2325,gleam,5
2326,closely,5
2327,eighth,5
2328,crash,5
2329,gay,5
2330,lighthearted,5
2331,flash,5
2332,joyous,5
2333,regard,5
2334,witchcraft,5
2335,sunset,5
2336,ridicule,5
2337,likely,5
2338,beggarman,5
2339,market,5
2340,lit,5
2341,hate,5
2342,richly,5
2343,blackbird,5
2344,retire,5
2345,wornout,5
2346,value,5
2347,course,5
2348,trample,5
2349,rustle,5
2350,stock,5
2351,handle,5
2352,dried,5
2353,security,5
2354,fourandtwenty,5
2355,melancholy,5
2356,gaily,5
2357,confectionery,5
2358,presence,5
2359,coarse,5
2360,wiser,5
2361,sour,5
2362,alike,5
2363,antechamber,5
2364,ninth,5
2365,secure,5
2366,frost,5
2367,distant,5
2368,minute,5
2369,hanger,5
2370,replied,5
2371,perfectly,5
2372,nobleman,5
2373,skilful,5
2374,kernel,5
2375,distressed,5
2376,nudge,5
2377,faithfully,5
2378,crawl,5
2379,barrow,5
2380,cackle,5
2381,eternal,5
2382,beforehand,5
2383,vex,5
2384,spell,5
2385,knacker,5
2386,gentle,5
2387,farm,5
2388,surface,5
2389,invisible,5
2390,tan,5
2391,pestle,5
2392,pilgrimage,5
2393,italy,5
2394,army,5
2395,grethe,5
2396,borrow,5
2397,anew,5
2398,plaster,5
2399,bellow,5
2400,ribbon,5
2401,earthman,5
2402,pulpit,5
2403,movement,5
2404,summit,5
2405,blacksmith,5
2406,swineherd,5
2407,scullerymaid,5
2408,astronomer,5
2409,threeeyes,5
2410,hollenthe,5
2411,protection,5
2412,tarry,5
2413,armour,5
2414,reginer,5
2415,hawk,5
2416,burgomaster,5
2417,sparkle,5
2418,create,5
2419,crab,5
2420,rocksplitter,5
2421,grayhaired,5
2422,richest,5
2423,stalk,5
2424,penance,5
2425,princesss,4
2426,weepest,4
2427,wishest,4
2428,courtier,4
2429,absence,4
2430,needy,4
2431,obedient,4
2432,trinity,4
2433,amazement,4
2434,autumn,4
2435,flee,4
2436,speech,4
2437,newborn,4
2438,maneater,4
2439,contrary,4
2440,untie,4
2441,report,4
2442,listener,4
2443,blockhead,4
2444,actually,4
2445,polish,4
2446,train,4
2447,ghost,4
2448,moan,4
2449,rate,4
2450,sharply,4
2451,unbound,4
2452,chatter,4
2453,tremendous,4
2454,quilt,4
2455,it,4
2456,if,4
2457,tumble,4
2458,frightful,4
2459,ninepin,4
2460,beckon,4
2461,strangle,4
2462,stronger,4
2463,disguise,4
2464,ceremony,4
2465,greediness,4
2466,assuredly,4
2467,inheritance,4
2468,destruction,4
2469,fainting,4
2470,valuable,4
2471,chestnut,4
2472,pistol,4
2473,claim,4
2474,reckon,4
2475,wantest,4
2476,trusting,4
2477,joke,4
2478,coin,4
2479,sum,4
2480,stuff,4
2481,mightest,4
2482,echo,4
2483,cleft,4
2484,hazelbush,4
2485,tug,4
2486,oil,4
2487,note,4
2488,public,4
2489,ado,4
2490,nightfall,4
2491,curtain,4
2492,silently,4
2493,twilight,4
2494,sayest,4
2495,spun,4
2496,braided,4
2497,hook,4
2498,skein,4
2499,familiar,4
2500,slice,4
2501,modestly,4
2502,breakfast,4
2503,naughty,4
2504,hush,4
2505,formerly,4
2506,gutter,4
2507,baby,4
2508,suppose,4
2509,humming,4
2510,b,4
2511,crept,4
2512,brushwood,4
2513,sugar,4
2514,crutch,4
2515,entice,4
2516,active,4
2517,vein,4
2518,skipper,4
2519,sleeper,4
2520,heir,4
2521,trusty,4
2522,deny,4
2523,suspicion,4
2524,morrow,4
2525,hoof,4
2526,shift,4
2527,attempt,4
2528,mischance,4
2529,bank,4
2530,prettily,4
2531,ceiling,4
2532,elbow,4
2533,smelt,4
2534,anxiously,4
2535,largest,4
2536,trouser,4
2537,pleasantly,4
2538,faith,4
2539,kept,4
2540,felt,4
2541,meaning,4
2542,whet,4
2543,chapel,4
2544,obliged,4
2545,bind,4
2546,plot,4
2547,deck,4
2548,dusty,4
2549,crop,4
2550,falsehood,4
2551,advise,4
2552,prudent,4
2553,hearing,4
2554,usually,4
2555,boast,4
2556,earnestly,4
2557,charge,4
2558,mix,4
2559,baked,4
2560,holle,4
2561,curse,4
2562,particular,4
2563,drumstick,4
2564,undo,4
2565,farmyard,4
2566,wit,4
2567,cattle,4
2568,fearlessly,4
2569,lain,4
2570,tomb,4
2571,weddingfeast,4
2572,altogether,4
2573,oar,4
2574,furiously,4
2575,alarmed,4
2576,commend,4
2577,shed,4
2578,district,4
2579,successfully,4
2580,dash,4
2581,understanding,4
2582,fully,4
2583,jingle,4
2584,scrap,4
2585,liar,4
2586,fence,4
2587,rely,4
2588,duty,4
2589,wishingtable,4
2590,fairly,4
2591,skilled,4
2592,extremely,4
2593,accursed,4
2594,foxs,4
2595,mad,4
2596,mousehole,4
2597,distinctly,4
2598,worst,4
2599,spill,4
2600,rapidity,4
2601,servantgirl,4
2602,invitation,4
2603,ebony,4
2604,confidence,4
2605,crew,4
2606,thereon,4
2607,bosom,4
2608,bidden,4
2609,groom,4
2610,peeped,4
2611,wisely,4
2612,godson,4
2613,inherit,4
2614,spider,4
2615,degree,4
2616,prevent,4
2617,blackpudding,4
2618,unite,4
2619,fitcher,4
2620,blossom,4
2621,wifes,4
2622,mist,4
2623,hack,4
2624,working,4
2625,lighter,4
2626,shade,4
2627,sewing,4
2628,kindred,4
2629,narrow,4
2630,rosetree,4
2631,trifling,4
2632,willow,4
2633,crockery,4
2634,ordinary,4
2635,general,4
2636,moved,4
2637,held,4
2638,sufficient,4
2639,visitor,4
2640,magical,4
2641,ruler,4
2642,cannon,4
2643,bedtime,4
2644,resume,4
2645,namely,4
2646,advantage,4
2647,situation,4
2648,liver,4
2649,direction,4
2650,crape,4
2651,strongest,4
2652,wipe,4
2653,frightfully,4
2654,wring,4
2655,hart,4
2656,dismount,4
2657,wail,4
2658,bullet,4
2659,jealous,4
2660,adventure,4
2661,trapdoor,4
2662,procession,4
2663,seemly,4
2664,crime,4
2665,silvery,4
2666,rake,4
2667,halfanhour,4
2668,shsh,4
2669,says,4
2670,millet,4
2671,assume,4
2672,disclose,4
2673,nightingale,4
2674,glow,4
2675,dale,4
2676,accustom,4
2677,merely,4
2678,blower,4
2679,glutton,4
2680,talent,4
2681,deepest,4
2682,placed,4
2683,somewhere,4
2684,bristle,4
2685,consult,4
2686,smithy,4
2687,rider,4
2688,jup,4
2689,kindness,4
2690,weight,4
2691,grinder,4
2692,miser,4
2693,onward,4
2694,commit,4
2695,transform,4
2696,ga,4
2697,console,4
2698,brilliant,4
2699,page,4
2700,haughtily,4
2701,suitable,4
2702,brightness,4
2703,harrow,4
2704,oat,4
2705,staff,4
2706,underground,4
2707,trim,4
2708,mankind,4
2709,glimmer,4
2710,crabb,4
2711,knowall,4
2712,diligently,4
2713,cork,4
2714,particularly,4
2715,pleased,4
2716,wren,4
2717,porridge,4
2718,favor,4
2719,suffering,4
2720,lamp,4
2721,exclaim,4
2722,shod,4
2723,aloft,4
2724,fiddling,4
2725,potter,4
2726,walnut,4
2727,sleepingdrink,4
2728,swift,4
2729,upwards,4
2730,armysurgeon,4
2731,germany,4
2732,swabian,4
2733,screamed,4
2734,assistance,4
2735,wade,4
2736,outcry,4
2737,admiration,4
2738,busy,4
2739,twinkle,4
2740,deprive,4
2741,barber,4
2742,soap,4
2743,exert,4
2744,whale,4
2745,nearest,4
2746,outrider,4
2747,permission,4
2748,entrail,4
2749,sorceress,4
2750,striking,4
2751,bandage,4
2752,threelegged,4
2753,lambkin,4
2754,carrion,4
2755,asss,4
2756,knowledge,4
2757,enchanter,4
2758,rosered,4
2759,building,4
2760,christian,4
2761,florin,4
2762,duks,4
2763,sufficiently,4
2764,adam,4
2765,poorest,4
2766,plight,4
2767,dull,3
2768,favourite,3
2769,picked,3
2770,staircase,3
2771,frightened,3
2772,acquaintance,3
2773,friendship,3
2774,trap,3
2775,consideration,3
2776,signify,3
2777,halfdone,3
2778,exception,3
2779,thoughtful,3
2780,daytime,3
2781,allgone,3
2782,curl,3
2783,unhappiness,3
2784,charming,3
2785,vanished,3
2786,straightway,3
2787,acknowledge,3
2788,betime,3
2789,goodfornothing,3
2790,hostess,3
2791,cuttingboard,3
2792,card,3
2793,screw,3
2794,redhot,3
2795,yell,3
2796,vermin,3
2797,that,3
2798,but,3
2799,one,3
2800,uproar,3
2801,roaring,3
2802,hurrah,3
2803,then,3
2804,howsoever,3
2805,bucketful,3
2806,gudgeon,3
2807,chalk,3
2808,clockcase,3
2809,strengthen,3
2810,fore,3
2811,shameful,3
2812,dungeon,3
2813,opinion,3
2814,abuse,3
2815,snuff,3
2816,patience,3
2817,slaughter,3
2818,profit,3
2819,sentinel,3
2820,pulled,3
2821,delightfully,3
2822,shaving,3
2823,wheresoever,3
2824,brow,3
2825,practise,3
2826,species,3
2827,pink,3
2828,worn,3
2829,buttonhole,3
2830,squirrel,3
2831,nuthill,3
2832,spur,3
2833,shell,3
2834,towel,3
2835,gathered,3
2836,blast,3
2837,dreadfully,3
2838,pomp,3
2839,deadly,3
2840,grace,3
2841,guilty,3
2842,judgment,3
2843,snip,3
2844,despair,3
2845,arrogance,3
2846,enraged,3
2847,cutting,3
2848,impatience,3
2849,laziness,3
2850,happier,3
2851,flat,3
2852,twisted,3
2853,apply,3
2854,scarcity,3
2855,thickest,3
2856,plane,3
2857,sluggard,3
2858,scatter,3
2859,pane,3
2860,nibble,3
2861,keen,3
2862,fatten,3
2863,hola,3
2864,footplank,3
2865,oath,3
2866,horrify,3
2867,coloured,3
2868,wickedness,3
2869,troubled,3
2870,amid,3
2871,fame,3
2872,innocence,3
2873,dismiss,3
2874,waddle,3
2875,pitiful,3
2876,antking,3
2877,milletseed,3
2878,undisturbed,3
2879,repair,3
2880,disposition,3
2881,trip,3
2882,event,3
2883,seam,3
2884,tin,3
2885,scare,3
2886,kettledrum,3
2887,assure,3
2888,shameless,3
2889,duke,3
2890,biggest,3
2891,attentively,3
2892,stiff,3
2893,c,3
2894,consequence,3
2895,jacket,3
2896,wag,3
2897,squeeze,3
2898,valiant,3
2899,grasshopper,3
2900,proposal,3
2901,honourably,3
2902,mischief,3
2903,subdue,3
2904,follower,3
2905,brush,3
2906,express,3
2907,turtledove,3
2908,partner,3
2909,stratagem,3
2910,armchair,3
2911,brew,3
2912,prompt,3
2913,lawful,3
2914,owing,3
2915,mishap,3
2916,vigorously,3
2917,completely,3
2918,cockadoodledoo,3
2919,accidentally,3
2920,trace,3
2921,nuttree,3
2922,sniff,3
2923,indefatigably,3
2924,stump,3
2925,glisten,3
2926,people,3
2927,enterprise,3
2928,simple,3
2929,fury,3
2930,caul,3
2931,prophesy,3
2932,amount,3
2933,chief,3
2934,milldam,3
2935,foundling,3
2936,hardhearted,3
2937,prosper,3
2938,waterpitcher,3
2939,evilone,3
2940,livest,3
2941,dam,3
2942,took,3
2943,gave,3
2944,ty,3
2945,celebrated,3
2946,peril,3
2947,discourse,3
2948,rome,3
2949,marsh,3
2950,undecided,3
2951,cough,3
2952,peer,3
2953,lamenting,3
2954,brain,3
2955,uncertain,3
2956,merciful,3
2957,peaceably,3
2958,footstool,3
2959,clearly,3
2960,appearance,3
2961,apprenticeship,3
2962,masterpiece,3
2963,settest,3
2964,dearer,3
2965,double,3
2966,summon,3
2967,relative,3
2968,exhaust,3
2969,kinsman,3
2970,exquisite,3
2971,bald,3
2972,fierce,3
2973,rein,3
2974,gee,3
2975,serious,3
2976,necessary,3
2977,buyer,3
2978,skip,3
2979,changele,3
2980,stillness,3
2981,raiment,3
2982,pole,3
2983,astray,3
2984,remedy,3
2985,overreach,3
2986,warning,3
2987,countless,3
2988,wax,3
2989,steam,3
2990,manservant,3
2991,strap,3
2992,confine,3
2993,cruelly,3
2994,ween,3
2995,slap,3
2996,chopped,3
2997,hick,3
2998,juniper,3
2999,crush,3
3000,flail,3
3001,sabre,3
3002,eagerly,3
3003,consort,3
3004,courtesy,3
3005,falsely,3
3006,virtue,3
3007,goodnatured,3
3008,joint,3
3009,prey,3
3010,rosebush,3
3011,rank,3
3012,scanty,3
3013,earthenware,3
3014,womans,3
3015,hussar,3
3016,humble,3
3017,fairer,3
3018,needful,3
3019,mug,3
3020,ore,3
3021,somebody,3
3022,copper,3
3023,effect,3
3024,mere,3
3025,wishingcloth,3
3026,charcoal,3
3027,propose,3
3028,corporal,3
3029,hoped,3
3030,withstand,3
3031,dine,3
3032,clover,3
3033,hazelstick,3
3034,disturbance,3
3035,govern,3
3036,confide,3
3037,breadcrumb,3
3038,snare,3
3039,arrow,3
3040,regiment,3
3041,shrill,3
3042,illluck,3
3043,bathe,3
3044,yonder,3
3045,squander,3
3046,watcher,3
3047,shop,3
3048,cellarstep,3
3049,wheat,3
3050,flour,3
3051,manger,3
3052,rut,3
3053,gall,3
3054,rolled,3
3055,vinegar,3
3056,dew,3
3057,sleepy,3
3058,honourable,3
3059,broommaker,3
3060,painful,3
3061,huntsmanship,3
3062,finished,3
3063,jaw,3
3064,sunk,3
3065,humblebee,3
3066,lowest,3
3067,twitch,3
3068,upright,3
3069,spectacle,3
3070,s,3
3071,haunt,3
3072,observed,3
3073,broken,3
3074,gradually,3
3075,fee,3
3076,cleverer,3
3077,sweetest,3
3078,prettiest,3
3079,mournfully,3
3080,preference,3
3081,cinder,3
3082,labourer,3
3083,soot,3
3084,hairy,3
3085,screechowl,3
3086,sunshine,3
3087,towhoo,3
3088,depend,3
3089,island,3
3090,generally,3
3091,windmill,3
3092,speedily,3
3093,wry,3
3094,redfox,3
3095,misled,3
3096,shewolf,3
3097,complaint,3
3098,pertain,3
3099,poodle,3
3100,excite,3
3101,daintily,3
3102,courteously,3
3103,immense,3
3104,whichsoever,3
3105,unhappily,3
3106,salve,3
3107,seriously,3
3108,confusion,3
3109,unbuckle,3
3110,hideous,3
3111,doorkeeper,3
3112,misshapen,3
3113,ditch,3
3114,breaking,3
3115,halt,3
3116,stolen,3
3117,snail,3
3118,overjoyed,3
3119,unwillingly,3
3120,unwilling,3
3121,savage,3
3122,firtree,3
3123,chirp,3
3124,passing,3
3125,ravine,3
3126,midge,3
3127,harvest,3
3128,smoking,3
3129,temper,3
3130,totter,3
3131,pledge,3
3132,slightest,3
3133,calm,3
3134,secondly,3
3135,laughing,3
3136,eatest,3
3137,shortly,3
3138,admit,3
3139,camest,3
3140,eggmerchant,3
3141,eternity,3
3142,hallelujah,3
3143,sped,3
3144,hinder,3
3145,violence,3
3146,seawater,3
3147,sickness,3
3148,steel,3
3149,difference,3
3150,scale,3
3151,servingman,3
3152,fighting,3
3153,stately,3
3154,endanger,3
3155,respectable,3
3156,hornet,3
3157,spy,3
3158,gnat,3
3159,tabbycat,3
3160,quill,3
3161,swine,3
3162,pike,3
3163,shroud,3
3164,refreshed,3
3165,hangman,3
3166,shriek,3
3167,pant,3
3168,airgun,3
3169,neckkerchief,3
3170,nightdress,3
3171,sleepingroom,3
3172,vomit,3
3173,dexterous,3
3174,reflection,3
3175,thiefs,3
3176,north,3
3177,jackli,3
3178,wat,3
3179,dressed,3
3180,worm,3
3181,precipice,3
3182,wishingcloak,3
3183,garnet,3
3184,remove,3
3185,habit,3
3186,released,3
3187,wineglass,3
3188,ploughwheel,3
3189,tow,3
3190,comfortable,3
3191,meditate,3
3192,appearest,3
3193,hood,3
3194,uncover,3
3195,kitchenboy,3
3196,accident,3
3197,scour,3
3198,bale,3
3199,hobblety,3
3200,jig,3
3201,india,3
3202,barley,3
3203,magician,3
3204,equally,3
3205,idleness,3
3206,tenth,3
3207,rind,3
3208,encounter,3
3209,youngster,3
3210,thresh,3
3211,rose,3
3212,civil,3
3213,thinking,3
3214,accordance,3
3215,beehive,3
3216,hog,3
3217,griffins,3
3218,moneychest,3
3219,everybody,3
3220,expedition,3
3221,laurence,3
3222,remind,3
3223,bog,3
3224,tune,3
3225,harsh,3
3226,lantern,3
3227,monkey,3
3228,breeze,3
3229,emerald,3
3230,weaver,3
3231,prosperity,3
3232,hump,3
3233,slow,3
3234,grape,3
3235,stupefy,3
3236,complete,3
3237,louisdor,3
3238,brandy,3
3239,buxtehuder,3
3240,awakest,3
3241,heldest,3
3242,troth,3
3243,shank,3
3244,nettle,3
3245,brightboot,3
3246,watersplasher,2
3247,splish,2
3248,uncommon,2
3249,oneself,2
3250,darkgrey,2
3251,filled,2
3252,jesus,2
3253,glory,2
3254,disobey,2
3255,whithersoever,2
3256,deniest,2
3257,openedst,2
3258,abroad,2
3259,repentance,2
3260,nighttime,2
3261,dismal,2
3262,sickle,2
3263,scoundrel,2
3264,ropemaker,2
3265,spite,2
3266,inquisitive,2
3267,haunted,2
3268,lathe,2
3269,horribly,2
3270,me,2
3271,upside,2
3272,no,2
3273,the,2
3274,there,2
3275,enquire,2
3276,ninepins,2
3277,dough,2
3278,washingbowl,2
3279,appetite,2
3280,deathbed,2
3281,ton,2
3282,utensil,2
3283,stow,2
3284,unrecognizable,2
3285,sparkling,2
3286,exhibit,2
3287,represent,2
3288,sailing,2
3289,holster,2
3290,wrought,2
3291,sacrifice,2
3292,happened,2
3293,murmur,2
3294,suck,2
3295,unjustly,2
3296,lifeless,2
3297,reckoning,2
3298,beef,2
3299,jews,2
3300,echoed,2
3301,briskly,2
3302,hatchet,2
3303,whoso,2
3304,avenge,2
3305,darkest,2
3306,weakest,2
3307,destine,2
3308,woodpigeon,2
3309,certainty,2
3310,urge,2
3311,expire,2
3312,downward,2
3313,venomous,2
3314,various,2
3315,de,2
3316,nutshell,2
3317,riot,2
3318,streak,2
3319,woe,2
3320,vow,2
3321,stony,2
3322,tiger,2
3323,played,2
3324,shout,2
3325,buglehorn,2
3326,slight,2
3327,palacegarden,2
3328,bathroom,2
3329,lost,2
3330,nursery,2
3331,wont,2
3332,rosy,2
3333,relish,2
3334,tress,2
3335,gothel,2
3336,pitiless,2
3337,wretchedness,2
3338,flavour,2
3339,vale,2
3340,breadandbutter,2
3341,awkwardly,2
3342,cauldron,2
3343,goodfortune,2
3344,sleepest,2
3345,wakest,2
3346,draghunt,2
3347,pronounced,2
3348,original,2
3349,ie,2
3350,industry,2
3351,mightily,2
3352,english,2
3353,newlycoined,2
3354,smaller,2
3355,crumble,2
3356,leant,2
3357,scent,2
3358,maliciously,2
3359,plump,2
3360,shrivelled,2
3361,grate,2
3362,pinafore,2
3363,leader,2
3364,severe,2
3365,snakeleaf,2
3366,voyage,2
3367,traitor,2
3368,custom,2
3369,whispering,2
3370,amend,2
3371,helpless,2
3372,horseback,2
3373,scorn,2
3374,sunrise,2
3375,hiss,2
3376,anyhow,2
3377,fortnight,2
3378,fruittree,2
3379,heave,2
3380,sceptre,2
3381,maidsinwait,2
3382,baron,2
3383,clad,2
3384,wildly,2
3385,madman,2
3386,topple,2
3387,communicate,2
3388,robinson,2
3389,mercilessly,2
3390,bravery,2
3391,valour,2
3392,overlook,2
3393,contemptuously,2
3394,pressed,2
3395,fel,2
3396,heaviest,2
3397,spacious,2
3398,finishing,2
3399,assign,2
3400,ravage,2
3401,outskirt,2
3402,pelting,2
3403,tusk,2
3404,awkward,2
3405,warlike,2
3406,doublet,2
3407,pantaloon,2
3408,rap,2
3409,kitchenwench,2
3410,tame,2
3411,turtledoves,2
3412,kitchenwindow,2
3413,hurried,2
3414,oillamp,2
3415,stain,2
3416,absolutely,2
3417,departure,2
3418,sleepingchamber,2
3419,listening,2
3420,mistygrey,2
3421,circumstance,2
3422,robbery,2
3423,carelessness,2
3424,snowflake,2
3425,doorway,2
3426,shower,2
3427,baptize,2
3428,coalblack,2
3429,mention,2
3430,awful,2
3431,goodmorning,2
3432,gravely,2
3433,prettier,2
3434,latch,2
3435,feeling,2
3436,stretched,2
3437,probably,2
3438,townmusician,2
3439,engage,2
3440,fugitive,2
3441,christchild,2
3442,brighter,2
3443,clatter,2
3444,told,2
3445,laid,2
3446,cleave,2
3447,hidden,2
3448,mouthpiece,2
3449,blowest,2
3450,fourteenth,2
3451,prophecy,2
3452,unlookedfor,2
3453,agreeable,2
3454,contentment,2
3455,rowing,2
3456,pry,2
3457,breathing,2
3458,gnawing,2
3459,wither,2
3460,unfruitful,2
3461,waterjug,2
3462,written,2
3463,sudden,2
3464,delicately,2
3465,moat,2
3466,mortal,2
3467,piety,2
3468,hath,2
3469,haycart,2
3470,stuck,2
3471,rack,2
3472,croaking,2
3473,successor,2
3474,divine,2
3475,anoint,2
3476,consecrate,2
3477,affect,2
3478,mason,2
3479,shear,2
3480,admission,2
3481,blister,2
3482,behaved,2
3483,ungrateful,2
3484,lather,2
3485,valiantly,2
3486,furnish,2
3487,bestir,2
3488,craft,2
3489,publichouse,2
3490,humbly,2
3491,thievish,2
3492,amply,2
3493,disturbed,2
3494,gaiety,2
3495,noisy,2
3496,sensibly,2
3497,rim,2
3498,dusk,2
3499,wayside,2
3500,imp,2
3501,granary,2
3502,armful,2
3503,precisely,2
3504,byre,2
3505,kitchensink,2
3506,presented,2
3507,astound,2
3508,closer,2
3509,neatly,2
3510,purchase,2
3511,skilfully,2
3512,knit,2
3513,intense,2
3514,cobbler,2
3515,cleanly,2
3516,ivory,2
3517,urgently,2
3518,sprout,2
3519,wellpole,2
3520,direct,2
3521,scorzonera,2
3522,baking,2
3523,leavest,2
3524,halfsized,2
3525,plead,2
3526,espy,2
3527,hidingplace,2
3528,solid,2
3529,recommence,2
3530,swifter,2
3531,chopping,2
3532,charitable,2
3533,examined,2
3534,marriagefeast,2
3535,grin,2
3536,featherbed,2
3537,comst,2
3538,pare,2
3539,dreadful,2
3540,uncle,2
3541,clap,2
3542,shelf,2
3543,singest,2
3544,render,2
3545,und,2
3546,es,2
3547,al,2
3548,heisst,2
3549,quicbeam,2
3550,timid,2
3551,perpetually,2
3552,frequently,2
3553,en,2
3554,starwort,2
3555,garters,2
3556,smite,2
3557,modest,2
3558,credit,2
3559,defence,2
3560,bodily,2
3561,greeting,2
3562,bedchamber,2
3563,rusty,2
3564,busily,2
3565,decree,2
3566,frizzle,2
3567,thorny,2
3568,thornhedge,2
3569,unhurt,2
3570,castleyard,2
3571,sanna,2
3572,winecask,2
3573,jar,2
3574,haughtiness,2
3575,laughter,2
3576,fathom,2
3577,frame,2
3578,surpass,2
3579,owner,2
3580,neat,2
3581,pedlarwoman,2
3582,unbolt,2
3583,senseless,2
3584,cunningly,2
3585,transparent,2
3586,array,2
3587,tong,2
3588,renounce,2
3589,enjoyment,2
3590,enable,2
3591,burner,2
3592,fortification,2
3593,disfigure,2
3594,dexterously,2
3595,term,2
3596,befool,2
3597,richer,2
3598,strait,2
3599,ridiculous,2
3600,rumpelstiltskin,2
3601,style,2
3602,landmark,2
3603,attendance,2
3604,housekeeping,2
3605,olden,2
3606,trigger,2
3607,cheerful,2
3608,bathinghouse,2
3609,gallowsflesh,2
3610,prank,2
3611,driving,2
3612,bung,2
3613,dinnertime,2
3614,fryingpan,2
3615,fry,2
3616,trice,2
3617,freddy,2
3618,pedlar,2
3619,usoh,2
3620,height,2
3621,birchtree,2
3622,covey,2
3623,absent,2
3624,huntingpouch,2
3625,foster,2
3626,accommodate,2
3627,wield,2
3628,contest,2
3629,pockethandkerchief,2
3630,rouse,2
3631,byeway,2
3632,likest,2
3633,aid,2
3634,victor,2
3635,parting,2
3636,twoedged,2
3637,button,2
3638,th,2
3639,seacat,2
3640,history,2
3641,stead,2
3642,flowing,2
3643,lookest,2
3644,tiled,2
3645,krr,2
3646,vengeance,2
3647,unanimously,2
3648,simplicity,2
3649,handsomely,2
3650,dive,2
3651,clamour,2
3652,rule,2
3653,dummle,2
3654,resolution,2
3655,divert,2
3656,cleverest,2
3657,furmantle,2
3658,puttest,2
3659,stardress,2
3660,dangerously,2
3661,fret,2
3662,huntsmen,2
3663,project,2
3664,crossbeam,2
3665,lure,2
3666,rare,2
3667,zachiel,2
3668,jamieson,2
3669,price,2
3670,stem,2
3671,whereby,2
3672,kitten,2
3673,expense,2
3674,gracefully,2
3675,tomfool,2
3676,cleverly,2
3677,disband,2
3678,tickle,2
3679,throwest,2
3680,bypath,2
3681,experience,2
3682,older,2
3683,walled,2
3684,painter,2
3685,majesty,2
3686,principal,2
3687,tenderly,2
3688,hallo,2
3689,carve,2
3690,halfpence,2
3691,playing,2
3692,waternix,2
3693,spike,2
3694,slippery,2
3695,contractbread,2
3696,abegging,2
3697,medicine,2
3698,slower,2
3699,ordered,2
3700,p,2
3701,unmercifully,2
3702,inhabit,2
3703,alack,2
3704,lo,2
3705,lucifer,2
3706,click,2
3707,riding,2
3708,flask,2
3709,juicy,2
3710,rocking,2
3711,scissorsgrinder,2
3712,grindstone,2
3713,patched,2
3714,nephew,2
3715,covetous,2
3716,smock,2
3717,prospect,2
3718,goad,2
3719,fishermans,2
3720,steed,2
3721,nick,2
3722,tile,2
3723,caper,2
3724,lisa,2
3725,noonday,2
3726,later,2
3727,hesitate,2
3728,breadth,2
3729,followest,2
3730,shinest,2
3731,casket,2
3732,south,2
3733,sorcerer,2
3734,floated,2
3735,ironstove,2
3736,menial,2
3737,marvellous,2
3738,dazzling,2
3739,merit,2
3740,trifle,2
3741,unharness,2
3742,huge,2
3743,powerfully,2
3744,headman,2
3745,barricade,2
3746,shaft,2
3747,fortnights,2
3748,ponder,2
3749,hau,2
3750,affection,2
3751,embraced,2
3752,’,2
3753,sealed,2
3754,seal,2
3755,transport,2
3756,shepherdscoat,2
3757,raspberry,2
3758,thoughtlessly,2
3759,dismayed,2
3760,parade,2
3761,sprung,2
3762,wednesday,2
3763,hearest,2
3764,job,2
3765,eggbasket,2
3766,hildebrand,2
3767,minister,2
3768,rear,2
3769,shrimp,2
3770,explanation,2
3771,gape,2
3772,famine,2
3773,handed,2
3774,aught,2
3775,sweat,2
3776,anywhere,2
3777,feat,2
3778,slender,2
3779,debt,2
3780,stew,2
3781,cloven,2
3782,salvation,2
3783,extremity,2
3784,contempt,2
3785,mockery,2
3786,bears,2
3787,handsomer,2
3788,flys,2
3789,insult,2
3790,growler,2
3791,fourfooted,2
3792,enemys,2
3793,revealed,2
3794,swarm,2
3795,freed,2
3796,cattledealer,2
3797,moneybelt,2
3798,welldeserved,2
3799,folly,2
3800,willowtree,2
3801,wick,2
3802,sleek,2
3803,stupidity,2
3804,whetstone,2
3805,square,2
3806,goosehouse,2
3807,tool,2
3808,importance,2
3809,him,2
3810,multiply,2
3811,expectation,2
3812,dominion,2
3813,loveable,2
3814,liberal,2
3815,thornbush,2
3816,humour,2
3817,wo,2
3818,illtreat,2
3819,locksmith,2
3820,elsewhere,2
3821,sharpshooter,2
3822,turnipseed,2
3823,threshing,2
3824,chaff,2
3825,struck,2
3826,gimlet,2
3827,bemoan,2
3828,wrongly,2
3829,sa,2
3830,vice,2
3831,fiercely,2
3832,careless,2
3833,snorting,2
3834,tailors,2
3835,wedlock,2
3836,lovest,2
3837,expedient,2
3838,entreaty,2
3839,recommend,2
3840,strangely,2
3841,remote,2
3842,dict,2
3843,guy,2
3844,mannering,2
3845,marli,2
3846,michal,2
3847,powder,2
3848,ally,2
3849,moselle,2
3850,treve,2
3851,beginning,2
3852,lodger,2
3853,crazy,2
3854,executioner,2
3855,headsman,2
3856,whichever,2
3857,railing,2
3858,theft,2
3859,foretold,2
3860,pouch,2
3861,finally,2
3862,entertain,2
3863,monstrous,2
3864,earthworm,2
3865,maidservant,2
3866,portion,2
3867,unmanageable,2
3868,beaten,2
3869,disaster,2
3870,roost,2
3871,beset,2
3872,fencingmaster,2
3873,sorely,2
3874,cornfield,2
3875,choice,2
3876,dogfish,2
3877,instigation,2
3878,chamberdoor,2
3879,entangled,2
3880,he,2
3881,loiter,2
3882,neglect,2
3883,towngate,2
3884,telescope,2
3885,instruction,2
3886,experienced,2
3887,ignorance,2
3888,ridge,2
3889,untouched,2
3890,blink,2
3891,strongly,2
3892,wardrobe,2
3893,avenue,2
3894,hotter,2
3895,colder,2
3896,frosty,2
3897,pretext,2
3898,kingly,2
3899,likeness,2
3900,mortally,2
3901,halfblind,2
3902,endurable,2
3903,hasty,2
3904,polluted,2
3905,gilded,2
3906,fieldflower,2
3907,snort,2
3908,equip,2
3909,dollar,2
3910,townsfolk,2
3911,holywater,2
3912,anne,2
3913,knowst,2
3914,conceited,2
3915,hippodadle,2
3916,thywork,2
3917,budge,2
3918,barren,2
3919,simeli,2
3920,venomously,2
3921,visibly,2
3922,vent,2
3923,motherinlaw,2
3924,wrinkled,2
3925,apes,2
3926,enrage,2
3927,deception,2
3928,swollen,2
3929,rafter,2
3930,warming,2
3931,supply,2
3932,toilsome,2
3933,caterpillar,2
3934,creator,2
3935,buzz,2
3936,rhine,2
3937,graze,2
3938,ashengray,2
3939,peacefully,2
3940,example,2
3941,surly,2
3942,career,2
3943,vapour,2
3944,exceedingly,2
3945,earthly,2
3946,apparently,2
3947,favourable,2
3948,consciousness,2
3949,diminish,2
3950,vision,2
3951,enclose,2
3952,private,2
3953,gosling,2
3954,nowadays,2
3955,hugely,2
3956,unexpectedly,2
3957,fir,2
3958,hundredweight,2
3959,sly,2
3960,brilliancy,2
3961,quarrelsome,2
3962,authority,2
3963,discuss,2
3964,mingle,2
3965,caw,2
3966,sprain,2
3967,cheating,2
3968,bewilder,2
3969,sittingroom,2
3970,decrease,2
3971,relieve,2
3972,flood,2
3973,fact,2
3974,inhabitant,2
3975,burthen,2
3976,mild,2
3977,ripple,2
3978,appleblossom,2
3979,memory,2
3980,paradise,2
3981,caution,2
3982,civilly,2
3983,errandboy,2
3984,puppy,2
3985,coffer,2
3986,spool,2
3987,shocked,2
3988,steep,2
3989,moneybag,2
3990,sittest,2
3991,pavement,2
3992,shepherdmaid,2
3993,neath,2
3994,buckwheat,2
3995,seahare,2
3996,halter,2
3997,weddingring,2
3998,wrinkle,2
3999,countess,2
4000,waxcandle,2
4001,puddle,2
4002,convince,2
4003,archthief,2
4004,foresee,2
4005,ridingboot,2
4006,malter,2
4007,unboil,2
4008,unroast,2
4009,buffaloleather,2
4010,brandish,2
4011,guardianangel,2
4012,saviour,2
4013,offend,2
4014,expiate,2
4015,playfellow,1
4016,slam,1
4017,perchance,1
4018,disgusting,1
4019,saidst,1
4020,ostrich,1
4021,andsadness,1
4022,untrue,1
4023,coolly,1
4024,crumbstealer,1
4025,godchild,1
4026,calendar,1
4027,topoff,1
4028,suspicious,1
4029,print,1
4030,sugarcake,1
4031,dwellingplace,1
4032,roots,1
4033,perseverest,1
4034,obstinately,1
4035,continuest,1
4036,thereat,1
4037,shiverest,1
4038,turninglathe,1
4039,au,1
4040,miau,1
4041,savagely,1
4042,cardplaying,1
4043,cuttingknife,1
4044,ember,1
4045,thats,1
4046,after,1
4047,very,1
4048,joined,1
4049,how,1
4050,and,1
4051,farthings,1
4052,circulate,1
4053,when,1
4054,what,1
4055,thankest,1
4056,again,1
4057,not,1
4058,fiend,1
4059,we,1
4060,go—come,1
4061,of,1
4062,is,1
4063,bearded,1
4064,shudder—if,1
4065,sprawl,1
4066,so—what,1
4067,bleated,1
4068,shopkeeper,1
4069,gorge,1
4070,rumble,1
4071,naught,1
4072,gallery,1
4073,swoon,1
4074,admirably,1
4075,tiptoe,1
4076,decorate,1
4077,excited,1
4078,pilot,1
4079,meaner,1
4080,origin,1
4081,subtlety,1
4082,exceed,1
4083,sulphur,1
4084,marrow,1
4085,watchful,1
4086,ignorant,1
4087,requite,1
4088,johns,1
4089,children,1
4090,unrewarded,1
4091,rhyme,1
4092,thickhead,1
4093,goggleeye,1
4094,screech,1
4095,calculation,1
4096,bail,1
4097,insistest,1
4098,unload,1
4099,responsible,1
4100,broomstick,1
4101,audience,1
4102,boor,1
4103,strictly,1
4104,disrespectfully,1
4105,offender,1
4106,capable,1
4107,shrieked,1
4108,footpath,1
4109,jerk,1
4110,aspentree,1
4111,tiedup,1
4112,lockedup,1
4113,bible,1
4114,hoist,1
4115,tobenjamin,1
4116,mens,1
4117,agreement,1
4118,covering,1
4119,harmony,1
4120,entertainment,1
4121,evermore,1
4122,speakest,1
4123,whine,1
4124,slander,1
4125,impious,1
4126,tearful,1
4127,unity,1
4128,studentennelken,1
4129,studentenlilien,1
4130,university,1
4131,federnelken,1
4132,featherpink,1
4133,sop,1
4134,drei,1
4135,vgelken,1
4136,narcissus,1
4137,quack,1
4138,footpassenger,1
4139,cushion,1
4140,mischievous,1
4141,crust,1
4142,privily,1
4143,garter,1
4144,password,1
4145,fawn,1
4146,sport,1
4147,cherish,1
4148,hatred,1
4149,chambermaid,1
4150,weakly,1
4151,nightcap,1
4152,pined,1
4153,aileth,1
4154,gloom,1
4155,ell,1
4156,deeply,1
4157,campanula,1
4158,rapunculus,1
4159,congener,1
4160,harebell,1
4161,spindleshaped,1
4162,raw,1
4163,radish,1
4164,unkind,1
4165,lovable,1
4166,repulsive,1
4167,contradict,1
4168,darkr,1
4169,goodevening,1
4170,yielded,1
4171,humph,1
4172,uglier,1
4173,rinse,1
4174,rinsing,1
4175,whereas,1
4176,sleepeth,1
4177,swung,1
4178,haulem„nnerchen,1
4179,hlenwaldm„nnlein,1
4180,unbaptized,1
4181,indefatigable,1
4182,underlip,1
4183,spinner,1
4184,hateful,1
4185,flaxspinning,1
4186,bratigam,1
4187,br,1
4188,dguma,1
4189,signification,1
4190,rd,1
4191,penny,1
4192,pebblestone,1
4193,woodaxe,1
4194,nibbled,1
4195,heavenborn,1
4196,windowpane,1
4197,witches,1
4198,got,1
4199,crabshell,1
4200,hansels,1
4201,knead,1
4202,saved,1
4203,empire,1
4204,fatherland,1
4205,outlive,1
4206,avoid,1
4207,corpse,1
4208,severed,1
4209,extol,1
4210,countenance,1
4211,thunderstruck,1
4212,deservest,1
4213,accomplice,1
4214,confidential,1
4215,tone,1
4216,chick,1
4217,sue,1
4218,mussel,1
4219,sacksfull,1
4220,main,1
4221,escaped,1
4222,proposition,1
4223,impetuous,1
4224,newlybuilt,1
4225,prudently,1
4226,porch,1
4227,pantry,1
4228,brass,1
4229,purple,1
4230,darkblue,1
4231,pave,1
4232,park,1
4233,putrid,1
4234,tassel,1
4235,shorter,1
4236,bubble,1
4237,curdle,1
4238,alabaster,1
4239,cymbal,1
4240,carbuncle,1
4241,imperial,1
4242,orb,1
4243,yeoman,1
4244,christendom,1
4245,nonsense,1
4246,firing,1
4247,ecclesiastical,1
4248,tallest,1
4249,beseech,1
4250,lighten,1
4251,churchtower,1
4252,crest,1
4253,foam,1
4254,william,1
4255,howitt,1
4256,crabbe,1
4257,diary,1
4258,isabel,1
4259,unpack,1
4260,ounce,1
4261,attract,1
4262,unbidden,1
4263,everincreasing,1
4264,worktable,1
4265,fewer,1
4266,widespread,1
4267,unbutton,1
4268,liquid,1
4269,mite,1
4270,cherrytree,1
4271,ripest,1
4272,earliest,1
4273,weighty,1
4274,military,1
4275,ambassador,1
4276,assist,1
4277,pocketsful,1
4278,tornup,1
4279,receivest,1
4280,heroic,1
4281,made,1
4282,havoc,1
4283,foaming,1
4284,armourbearer,1
4285,vile,1
4286,stepchild,1
4287,bedgown,1
4288,imaginable,1
4289,fireside,1
4290,hazel,1
4291,mantlepiece,1
4292,precede,1
4293,peartree,1
4294,stunt,1
4295,blindness,1
4296,illdisposed,1
4297,spirt,1
4298,horseflesh,1
4299,heapedup,1
4300,maidinwait,1
4301,expound,1
4302,weddingmantle,1
4303,feared,1
4304,barefaced,1
4305,conflagration,1
4306,ensue,1
4307,fonder,1
4308,merciless,1
4309,breadshovel,1
4310,satisfaction,1
4311,homesickness,1
4312,wellside,1
4313,sickly,1
4314,privately,1
4315,weakness,1
4316,baptism,1
4317,recall,1
4318,extent,1
4319,keepsake,1
4320,sip,1
4321,nicely,1
4322,bakingday,1
4323,craftily,1
4324,nosegay,1
4325,cottagedoor,1
4326,hug,1
4327,revive,1
4328,greybeard,1
4329,footing,1
4330,version,1
4331,wellknown,1
4332,redridinghood,1
4333,derive,1
4334,french,1
4335,le,1
4336,petit,1
4337,chaperon,1
4338,rouge,1
4339,perrault,1
4340,cornsack,1
4341,unfit,1
4342,rainy,1
4343,shaver,1
4344,askew,1
4345,scarce,1
4346,nightmusic,1
4347,housewife,1
4348,redcomb,1
4349,quality,1
4350,spark,1
4351,welllighted,1
4352,greyhorse,1
4353,forefoot,1
4354,windowledge,1
4355,bray,1
4356,din,1
4357,minstrel,1
4358,sleepingplace,1
4359,lucifermatch,1
4360,strawheap,1
4361,smart,1
4362,rip,1
4363,capture,1
4364,hazardous,1
4365,shrewd,1
4366,years,1
4367,skeleton,1
4368,predict,1
4369,seeming,1
4370,consented,1
4371,standstill,1
4372,noticed,1
4373,millfolk,1
4374,millboy,1
4375,readiness,1
4376,entrust,1
4377,marketfountain,1
4378,gatekeeper,1
4379,upset,1
4380,illbut,1
4381,serpent,1
4382,soninlaw,1
4383,eager,1
4384,roomdoor,1
4385,frantically,1
4386,maimed,1
4387,shimmer,1
4388,substitute,1
4389,beautifullymade,1
4390,badest,1
4391,inner,1
4392,bye,1
4393,grethels,1
4394,switzerland,1
4395,learnest,1
4396,fortress,1
4397,dismay,1
4398,amicably,1
4399,unharmed,1
4400,adopt,1
4401,miraculous,1
4402,ecclesiastic,1
4403,holiness,1
4404,stipulate,1
4405,unexpected,1
4406,elsy,1
4407,outdo,1
4408,fowler,1
4409,lightfinger,1
4410,snipped,1
4411,arrangement,1
4412,judgest,1
4413,ovenfork,1
4414,waitabit,1
4415,securely,1
4416,saidest,1
4417,brood,1
4418,forgetful,1
4419,milfoil,1
4420,browse,1
4421,razor,1
4422,palm,1
4423,horsewhip,1
4424,lumber,1
4425,trained,1
4426,madst,1
4427,gladden,1
4428,peculiar,1
4429,muster,1
4430,stabledoor,1
4431,score,1
4432,mint,1
4433,sheetful,1
4434,attain,1
4435,perfection,1
4436,longest,1
4437,wishinggift,1
4438,comparison,1
4439,thrashing,1
4440,kobold,1
4441,thundershower,1
4442,party,1
4443,redskin,1
4444,redskins,1
4445,smoothlyshorn,1
4446,sod,1
4447,subterranean,1
4448,snailshell,1
4449,interrupt,1
4450,rushed,1
4451,unperceive,1
4452,affliction,1
4453,fulling,1
4454,dismember,1
4455,unpleas,1
4456,midden,1
4457,gulp,1
4458,larder,1
4459,raged,1
4460,mouses,1
4461,rabble,1
4462,kehrewit,1
4463,doom,1
4464,lacking,1
4465,customary,1
4466,independence,1
4467,wealthy,1
4468,christmas,1
4469,vest,1
4470,cutout,1
4471,article,1
4472,undertaking,1
4473,persuasion,1
4474,elegant,1
4475,babys,1
4476,coverlid,1
4477,changeling,1
4478,wester,1
4479,ashes,1
4480,absolute,1
4481,eater,1
4482,strewed,1
4483,infamous,1
4484,korbes,1
4485,chaircushion,1
4486,glue,1
4487,primitive,1
4488,perplexity,1
4489,establishment,1
4490,frizzled,1
4491,hissing,1
4492,hispanica,1
4493,cultivate,1
4494,fleshy,1
4495,taper,1
4496,parsnip,1
4497,obstinate,1
4498,prohibition,1
4499,collier,1
4500,costume,1
4501,blaze,1
4502,apportion,1
4503,seekest,1
4504,deceivest,1
4505,leadest,1
4506,distinction,1
4507,recovery,1
4508,venturest,1
4509,infatuate,1
4510,flush,1
4511,defraud,1
4512,icecold,1
4513,perpetual,1
4514,prime,1
4515,purposely,1
4516,darningneedle,1
4517,knob,1
4518,sealing,1
4519,potatoking,1
4520,forsooth,1
4521,dishcloth,1
4522,picklock,1
4523,goliath,1
4524,dispatch,1
4525,compliment,1
4526,decline,1
4527,strull,1
4528,cowbyre,1
4529,sausagemeat,1
4530,choppingknife,1
4531,adroitly,1
4532,scrub,1
4533,simply,1
4534,atone,1
4535,stoppest,1
4536,garretwindow,1
4537,deckedout,1
4538,thicker,1
4539,entwine,1
4540,juniperberry,1
4541,greedily,1
4542,wroth,1
4543,cuff,1
4544,continual,1
4545,wickedly,1
4546,overwhelmed,1
4547,pudding,1
4548,magnificently,1
4549,goldsmiths,1
4550,sock,1
4551,pincers,1
4552,stopped,1
4553,splendidly,1
4554,cinnamon,1
4555,translate,1
4556,machandelbaum,1
4557,woul,1
4558,popular,1
4559,pronunciation,1
4560,mandelbaum,1
4561,almondtree,1
4562,pritzel,1
4563,tessen,1
4564,deutschen,1
4565,volksnaman,1
4566,der,1
4567,pflanzen,1
4568,machandelbom,1
4569,dictionary,1
4570,machandel,1
4571,nicht,1
4572,etwa,1
4573,mandel,1
4574,sondern,1
4575,wacholder,1
4576,zwar,1
4577,bedeutend,1
4578,weil,1
4579,ein,1
4580,verjngender,1
4581,baum,1
4582,ist,1
4583,wach,1
4584,viel,1
4585,queck,1
4586,rege,1
4587,vivus,1
4588,lebendig,1
4589,andern,1
4590,orten,1
4591,queckholder,1
4592,reckholder,1
4593,juniperus,1
4594,von,1
4595,junior,1
4596,jnger,1
4597,angels„chs,1
4598,cwicbeam,1
4599,mountainash,1
4600,folklore,1
4601,rejuvenate,1
4602,simile,1
4603,ballad,1
4604,goshawk,1
4605,border,1
4606,minstrelsy,1
4607,blooddrop,1
4608,snaw,1
4609,seamaw,1
4610,feeding,1
4611,worktime,1
4612,breadsop,1
4613,henceforward,1
4614,wink,1
4615,challenge,1
4616,outstretch,1
4617,underwood,1
4618,fearful,1
4619,ful,1
4620,unrolled,1
4621,stepchildren,1
4622,foresthut,1
4623,duration,1
4624,abide,1
4625,mute,1
4626,bearing,1
4627,dissatisfied,1
4628,newlyborn,1
4629,bathing,1
4630,welldispose,1
4631,fifteenth,1
4632,unspoken,1
4633,fain,1
4634,plenteously,1
4635,windingstaircase,1
4636,extend,1
4637,flaming,1
4638,scullery,1
4639,dissuade,1
4640,spotted,1
4641,flicker,1
4642,betimes,1
4643,pursuit,1
4644,waddling,1
4645,birdfoundle,1
4646,withal,1
4647,thereto,1
4648,grandduke,1
4649,earl,1
4650,gentry,1
4651,fightingcock,1
4652,thrushs,1
4653,wed,1
4654,beggarwoman,1
4655,tough,1
4656,selling,1
4657,goodlooking,1
4658,drunken,1
4659,kitchenmaid,1
4660,beck,1
4661,dirtiest,1
4662,leaving,1
4663,shrank,1
4664,derision,1
4665,insolence,1
4666,flake,1
4667,windowframe,1
4668,lookingglas,1
4669,weed,1
4670,neater,1
4671,cleaner,1
4672,counterpane,1
4673,delve,1
4674,staylace,1
4675,brightcoloured,1
4676,beguile,1
4677,paragon,1
4678,countrywoman,1
4679,ebonywood,1
4680,unlace,1
4681,bier,1
4682,prize,1
4683,treestump,1
4684,trow,1
4685,utterly,1
4686,inquiring,1
4687,tidily,1
4688,pressing,1
4689,approval,1
4690,tappest,1
4691,commandest,1
4692,previous,1
4693,crave,1
4694,insolent,1
4695,disturber,1
4696,repulse,1
4697,crackwhat,1
4698,study,1
4699,dissemble,1
4700,endow,1
4701,amendment,1
4702,important,1
4703,horrorstruck,1
4704,caspar,1
4705,melchior,1
4706,balthazar,1
4707,inquiry,1
4708,shortribs,1
4709,sheepshank,1
4710,laceleg,1
4711,farside,1
4712,transformation,1
4713,pleasuregarden,1
4714,plumage,1
4715,council,1
4716,cleverness,1
4717,tavern,1
4718,revel,1
4719,absurd,1
4720,neigh,1
4721,eventide,1
4722,pitifully,1
4723,unheardof,1
4724,whim,1
4725,hotly,1
4726,foreboding,1
4727,upbraid,1
4728,sheepdog,1
4729,bun,1
4730,bunghole,1
4731,spitz,1
4732,trail,1
4733,wholesome,1
4734,earthenbowls,1
4735,decoration,1
4736,forewarn,1
4737,walker,1
4738,skinned,1
4739,charity,1
4740,coming,1
4741,cartrut,1
4742,hillreally,1
4743,awayno,1
4744,unhinge,1
4745,longerwhen,1
4746,yourselfoh,1
4747,underdoor,1
4748,hinge,1
4749,fartheri,1
4750,vinegarjug,1
4751,firapple,1
4752,muchdo,1
4753,vinegarno,1
4754,usah,1
4755,muchthen,1
4756,besprinkle,1
4757,downno,1
4758,muchoh,1
4759,fastah,1
4760,falllet,1
4761,halfnake,1
4762,turnipground,1
4763,evilhearted,1
4764,drippingtin,1
4765,triangle,1
4766,successful,1
4767,learning,1
4768,savedup,1
4769,rust,1
4770,mane,1
4771,poultryyard,1
4772,inscription,1
4773,sevenheaded,1
4774,coral,1
4775,awaking,1
4776,lifegiving,1
4777,fought,1
4778,killed,1
4779,bet,1
4780,transfer,1
4781,sentrybox,1
4782,buttend,1
4783,pastry,1
4784,musket,1
4785,confectioner,1
4786,comfit,1
4787,intoxicated,1
4788,bearer,1
4789,askance,1
4790,wherefore,1
4791,wife�,1
4792,unfold,1
4793,sh,1
4794,connivance,1
4795,viceroy,1
4796,m,1
4797,halted,1
4798,penetrate,1
4799,unceasingly,1
4800,strikest,1
4801,rusted,1
4802,escort,1
4803,smitest,1
4804,leaden,1
4805,bro,1
4806,ther,1
4807,artisan,1
4808,l,1
4809,proceed,1
4810,soothsayer,1
4811,fourthly,1
4812,launch,1
4813,apiece,1
4814,fleecy,1
4815,went,1
4816,disorderly,1
4817,anthill,1
4818,�leave,1
4819,them�,1
4820,inscribe,1
4821,performance,1
4822,sweetmeat,1
4823,syrup,1
4824,spoonful,1
4825,random,1
4826,deafen,1
4827,lightly,1
4828,greyhaired,1
4829,cindercake,1
4830,intent,1
4831,hi,1
4832,reverence,1
4833,equalle,1
4834,counterpart,1
4835,involve,1
4836,blacken,1
4837,closet,1
4838,furdress,1
4839,curtsy,1
4840,differently,1
4841,roughskin,1
4842,rainbow,1
4843,strawdoll,1
4844,doll,1
4845,remembrance,1
4846,faithlessness,1
4847,repeated,1
4848,ante,1
4849,disposed,1
4850,constraint,1
4851,alter,1
4852,advantageous,1
4853,homeward,1
4854,wickerwork,1
4855,betrothal,1
4856,horrorstricken,1
4857,sor,1
4858,hooked,1
4859,�ah,1
4860,dewdrop,1
4861,jorinker,1
4862,titmouse,1
4863,enc,1
4864,dicttr,1
4865,nigh,1
4866,steeple,1
4867,rubyred,1
4868,fixed,1
4869,ridiculously,1
4870,profitably,1
4871,mainland,1
4872,squeak,1
4873,mule,1
4874,herald,1
4875,besieger,1
4876,uncomfortably,1
4877,pained,1
4878,unpleasant,1
4879,sergeant,1
4880,illtreatment,1
4881,employ,1
4882,notwithstanding,1
4883,doublebarrelled,1
4884,hail,1
4885,braggart,1
4886,finely,1
4887,jelly,1
4888,farmhouse,1
4889,slipped,1
4890,abominably,1
4891,tanned,1
4892,painfully,1
4893,instruct,1
4894,sheepfold,1
4895,ditty,1
4896,mixture,1
4897,roasting,1
4898,esteem,1
4899,season,1
4900,beardcleaner,1
4901,piebald,1
4902,mousehunter,1
4903,sackful,1
4904,makest,1
4905,foliage,1
4906,lurch,1
4907,tiding,1
4908,station,1
4909,rosette,1
4910,scald,1
4911,juiciest,1
4912,baste,1
4913,glee,1
4914,rejoin,1
4915,politely,1
4916,disgust,1
4917,grandson,1
4918,tangled,1
4919,blunt,1
4920,dumpling,1
4921,scramble,1
4922,steady,1
4923,nutkernel,1
4924,mound,1
4925,ammunitionbread,1
4926,cookery,1
4927,abruptly,1
4928,treasurer,1
4929,craze,1
4930,lambs,1
4931,confound,1
4932,ability,1
4933,undertakest,1
4934,hint,1
4935,hazelsap,1
4936,devils,1
4937,tranquilly,1
4938,pitiable,1
4939,lieutenant,1
4940,hammering,1
4941,recognise,1
4942,creditor,1
4943,clamorously,1
4944,dice,1
4945,gamingtable,1
4946,munch,1
4947,begone,1
4948,purgatory,1
4949,hohenfuert,1
4950,hoppole,1
4951,rebellious,1
4952,bold,1
4953,mare,1
4954,oppressive,1
4955,moor,1
4956,clave,1
4957,underneath,1
4958,wheelbarrow,1
4959,christeningfeast,1
4960,suspiciously,1
4961,sty,1
4962,roastmeat,1
4963,foundation,1
4964,luckiest,1
4965,straighten,1
4966,sundaychild,1
4967,snug,1
4968,berth,1
4969,boundary,1
4970,thereby,1
4971,headdress,1
4972,cobweb,1
4973,waterside,1
4974,jeer,1
4975,ti,1
4976,churchmouse,1
4977,exist,1
4978,wrathfully,1
4979,castoff,1
4980,restrained,1
4981,goldlily,1
4982,droop,1
4983,entrap,1
4984,forefinger,1
4985,fattest,1
4986,reasonable,1
4987,lodge,1
4988,leane,1
4989,cleanlooking,1
4990,frontdoor,1
4991,meditation,1
4992,pat,1
4993,impatiently,1
4994,miserly,1
4995,hottempered,1
4996,bavarian,1
4997,parlourdoor,1
4998,piously,1
4999,ransom,1
5000,overpersuad,1
5001,warp,1
5002,torch,1
5003,peak,1
5004,sorest,1
5005,forgettest,1
5006,therewith,1
5007,cluck,1
5008,thenceforth,1
5009,costly,1
5010,trinket,1
5011,appertain,1
5012,un,1
5013,scorched,1
5014,powerless,1
5015,nag,1
5016,darklooking,1
5017,faladas,1
5018,gooseboy,1
5019,unplait,1
5020,radiance,1
5021,plait,1
5022,sometime,1
5023,stud,1
5024,freshly,1
5025,bogie,1
5026,nothi,1
5027,ng,1
5028,owever,1
5029,acre,1
5030,caldron,1
5031,beanstick,1
5032,smiths,1
5033,roughly,1
5034,surlily,1
5035,leisure,1
5036,loaded,1
5037,administer,1
5038,necktie,1
5039,nted,1
5040,wallet,1
5041,g,1
5042,interest,1
5043,whe,1
5044,n,1
5045,w,1
5046,ould,1
5047,som,1
5048,bailiffs,1
5049,igher,1
5050,klafterstück,1
5051,klafter,1
5052,baring,1
5053,gould,1
5054,cubic,1
5055,deduct,1
5056,consequently,1
5057,woodtr,1
5058,anyone,1
5059,belief,1
5060,thorough,1
5061,earthmannikin,1
5062,manyheaded,1
5063,repeatedly,1
5064,stomacher,1
5065,dragons,1
5066,richlyladen,1
5067,persist,1
5068,mislead,1
5069,capsize,1
5070,keel,1
5071,uppermost,1
5072,coil,1
5073,endured,1
5074,hindrance,1
5075,wast,1
5076,arrivest,1
5077,consist,1
5078,wearer,1
5079,‘,1
5080,all,1
5081,dininghall,1
5082,drinking,1
5083,assembled,1
5084,drinkest,1
5085,ala,1
5086,graven,1
5087,newlycleared,1
5088,cleared,1
5089,she,1
5090,fashion,1
5091,yoked,1
5092,verdict,1
5093,fishingnet,1
5094,tears,1
5095,inconvenient,1
5096,twa,1
5097,background,1
5098,keuterberg,1
5099,don,1
5100,weser,1
5101,bonny,1
5102,catchest,1
5103,findest,1
5104,fared,1
5105,crossbow,1
5106,ahunting,1
5107,information,1
5108,entered,1
5109,newlymade,1
5110,cupful,1
5111,converse,1
5112,sharper,1
5113,openly,1
5114,incessantly,1
5115,frontispiece,1
5116,noblemans,1
5117,denounce,1
5118,dr,1
5119,renowned,1
5120,toil,1
5121,education,1
5122,class,1
5123,pittance,1
5124,spent,1
5125,suffice,1
5126,stack,1
5127,brisk,1
5128,dangerouslooking,1
5129,smother,1
5130,loosen,1
5131,earned,1
5132,mercurius,1
5133,spreadest,1
5134,rubbest,1
5135,r,1
5136,elease,1
5137,woodcutting,1
5138,holiday,1
5139,abate,1
5140,damaged,1
5141,hellbroth,1
5142,wandering,1
5143,sputtering,1
5144,slightly,1
5145,ensign,1
5146,hellfire,1
5147,flare,1
5148,unwashed,1
5149,uncomb,1
5150,uncut,1
5151,unlatch,1
5152,compose,1
5153,stroll,1
5154,enlist,1
5155,foremost,1
5156,fearless,1
5157,muzzle,1
5158,greencoat,1
5159,paternoster,1
5160,diest,1
5161,remainest,1
5162,refrain,1
5163,passable,1
5164,cress,1
5165,outhouse,1
5166,neighboring,1
5167,dwindle,1
5168,miracle,1
5169,shaven,1
5170,generously,1
5171,sawest,1
5172,summertime,1
5173,zaunk,1
5174,nig,1
5175,disreputable,1
5176,summoned,1
5177,commanderinchief,1
5178,watchword,1
5179,bushy,1
5180,plume,1
5181,minuteness,1
5182,colouring,1
5183,yarddoor,1
5184,stupidest,1
5185,stupider,1
5186,scotfree,1
5187,discount,1
5188,sillier,1
5189,chimneycorner,1
5190,begrudge,1
5191,bassoon,1
5192,pussy,1
5193,timber,1
5194,horses—such,1
5195,them—and,1
5196,unpacked,1
5197,millersboy,1
5198,ply,1
5199,soever,1
5200,happiness—he,1
5201,spikes,1
5202,bagpipes,1
5203,bond,1
5204,met,1
5205,ink,1
5206,astride,1
5207,stye,1
5208,ha—but,1
5209,killing,1
5210,falseness,1
5211,salf,1
5212,son—he,1
5213,august,1
5214,worshipped,1
5215,nobody,1
5216,cheerfully,1
5217,sterling,1
5218,goatsbeard,1
5219,fearfully,1
5220,tempt,1
5221,fleece,1
5222,scraps,1
5223,fiddling—a,1
5224,beerhouse,1
5225,purse—good,1
5226,wellearn,1
5227,woes,1
5228,dancer,1
5229,ramble,1
5230,locksmiths,1
5231,why,1
5232,fun,1
5233,minds,1
5234,oneeyed,1
5235,earthen,1
5236,rumour,1
5237,truthfulness,1
5238,supposing,1
5239,pieces,1
5240,brabant,1
5241,sold,1
5242,justly,1
5243,separated,1
5244,skate,1
5245,answerest,1
5246,cuttest,1
5247,more,1
5248,fitting,1
5249,preaching,1
5250,wellgrown,1
5251,solve,1
5252,landlouper,1
5253,discourage,1
5254,propound,1
5255,pepper,1
5256,composedly,1
5257,violin,1
5258,vivallalera,1
5259,lesson,1
5260,unscrew,1
5261,woodlark,1
5262,clump,1
5263,coffee,1
5264,saucer,1
5265,affectionate,1
5266,penniless,1
5267,agony,1
5268,them,1
5269,runaway,1
5270,moist,1
5271,tobacco,1
5272,biddest,1
5273,tomcat,1
5274,reappear,1
5275,brighten,1
5276,halfshut,1
5277,scattered,1
5278,cockcrow,1
5279,counteract,1
5280,constable,1
5281,wilful,1
5282,deathb,1
5283,ad,1
5284,replace,1
5285,cupboarddoor,1
5286,trouble—there,1
5287,steal—shame,1
5288,organ,1
5289,sonst,1
5290,liessen,1
5291,sie,1
5292,ihm,1
5293,rothen,1
5294,hahn,1
5295,über,1
5296,fliegen,1
5297,symbol,1
5298,antiquity,1
5299,völuspá,1
5300,incendiarys,1
5301,threat,1
5302,house—grimm,1
5303,deutsche,1
5304,mythologie,1
5305,cockcrawing—,1
5306,cant,1
5307,phrase,1
5308,firerais,1
5309,scotland,1
5310,et,1
5311,extract,1
5312,weel,1
5313,ane,1
5314,abune,1
5315,craw,1
5316,bonnie,1
5317,barnyard,1
5318,ae,1
5319,dawing,1
5320,fireraising,1
5321,laconic,1
5322,dominie,1
5323,walter,1
5324,scott,1
5325,studied,1
5326,picturesqueness,1
5327,expression,1
5328,induce,1
5329,import,1
5330,britain—tr,1
5331,jergli,1
5332,advisable,1
5333,boldest,1
5334,bravest,1
5335,haymake,1
5336,july,1
5337,beetle,1
5338,hum,1
5339,menacing,1
5340,match,1
5341,haymaking,1
5342,survive,1
5343,fallowfield,1
5344,glassy,1
5345,swabians,1
5346,prate,1
5347,dragonhunting,1
5348,thourt,1
5349,aye,1
5350,jerglis,1
5351,stepbrother,1
5352,lance,1
5353,schulzs,1
5354,honor,1
5355,mossy,1
5356,richlydressed,1
5357,work—nay,1
5358,confirm,1
5359,wretches,1
5360,stubborn,1
5361,scaffold,1
5362,bowling,1
5363,believest,1
5364,prodigious,1
5365,fierceness,1
5366,wrestle,1
5367,socket,1
5368,clearer,1
5369,bearest,1
5370,tumult,1
5371,gambol,1
5372,severely,1
5373,tip,1
5374,hobgoblin,1
5375,crone,1
5376,afford,1
5377,twitter,1
5378,fired,1
5379,dense,1
5380,filch,1
5381,descry,1
5382,thenceforward,1
5383,seldom,1
5384,bidding,1
5385,costliest,1
5386,sorcery,1
5387,toward,1
5388,cabbagegarden,1
5389,girt,1
5390,zest,1
5391,reassume,1
5392,dye,1
5393,prepared,1
5394,transformed,1
5395,birdsheart,1
5396,potion,1
5397,birdcage,1
5398,pliant,1
5399,twine,1
5400,delivered,1
5401,forefather,1
5402,whisker,1
5403,your,1
5404,flourished,1
5405,torrent,1
5406,flourish,1
5407,died,1
5408,dangle,1
5409,plentifully,1
5410,blackberry,1
5411,rockhouse,1
5412,soldiers—i,1
5413,signature,1
5414,key—if,1
5415,horse—a,1
5416,lettest,1
5417,hostile,1
5418,someone,1
5419,her—he,1
5420,transgress,1
5421,wellmade,1
5422,sharpcutting,1
5423,disenchant,1
5424,byway,1
5425,disorder,1
5426,crossway,1
5427,reputable,1
5428,detect,1
5429,accomplished,1
5430,him—what,1
5431,training,1
5432,crossroad,1
5433,chaffinchs,1
5434,hatching,1
5435,liberate,1
5436,steer,1
5437,shatter,1
5438,seaworthy,1
5439,variance,1
5440,wellspread,1
5441,shortest,1
5442,amen,1
5443,untasted,1
5444,oneeyes,1
5445,unaccustomed,1
5446,two,1
5447,caretaker,1
5448,highminded,1
5449,exact,1
5450,apronful,1
5451,assert,1
5452,grudge,1
5453,downright,1
5454,milchcow,1
5455,cowhouse,1
5456,counting,1
5457,fried,1
5458,spice,1
5459,husbandman,1
5460,juvenile,1
5461,game—tr,1
5462,provest,1
5463,avarice,1
5464,here—i,1
5465,what—i,1
5466,adjoin,1
5467,eyelid,1
5468,sponge,1
5469,opened,1
5470,clown,1
5471,salute,1
5472,brightlylit,1
5473,wearily,1
5474,going,1
5475,dazzle,1
5476,enjoin,1
5477,fatter,1
5478,turf,1
5479,whizz,1
5480,whirlpool,1
5481,repast,1
5482,companionship,1
5483,fingernail,1
5484,lurk,1
5485,foresight,1
5486,thing—,1
5487,aspen,1
5488,benumb,1
5489,mailed,1
5490,sharpeye,1
5491,fixedly,1
5492,herder,1
5493,worsted,1
5494,unenclosed,1
5495,errand,1
5496,—and,1
5497,halfdeaf,1
5498,mirrorsmooth,1
5499,boundless,1
5500,intended,1
5501,flatter,1
5502,sculleryboy,1
5503,pool,1
5504,margin,1
5505,involuntarily,1
5506,fallest,1
5507,unbeaten,1
5508,garland,1
5509,rarest,1
5510,overrun,1
5511,superior,1
5512,askest,1
5513,battlefield,1
5514,hurricane,1
5515,spirited,1
5516,chestnuthorse,1
5517,linger,1
5518,helmet,1
5519,queer,1
5520,retinue,1
5521,besiege,1
5522,halfwhite,1
5523,chains—they,1
5524,shrieking,1
5525,instance,1
5526,amusing,1
5527,geography,1
5528,confused,1
5529,modern,1
5530,times—tr,1
5531,werrel,1
5532,soist,1
5533,knoist,1
5534,starknaked,1
5535,chapel—in,1
5536,beechwood,1
5537,boxwood,1
5538,brakel,1
5539,annes,1
5540,hinnenberg,1
5541,suttmer,1
5542,gruff,1
5543,dee,1
5544,callest,1
5545,amy,1
5546,fromthyworkdonotbudge,1
5547,eneke,1
5548,beneke,1
5549,trading,1
5550,wheeling,1
5551,nakedlooking,1
5552,uprightly,1
5553,confuse,1
5554,sayst,1
5555,churl,1
5556,atravel,1
5557,especial,1
5558,persevere,1
5559,lordling,1
5560,withoutcopen,1
5561,keeper,1
5562,player,1
5563,humouredly,1
5564,aif,1
5565,unworthy,1
5566,handsomest,1
5567,sellest,1
5568,immensely,1
5569,similar,1
5570,ambush,1
5571,agreed,1
5572,zodiac,1
5573,healing,1
5574,issue,1
5575,disciple,1
5576,feelest,1
5577,becomest,1
5578,infirmity,1
5579,ailing,1
5580,quenching,1
5581,earnestness,1
5582,province,1
5583,writhe,1
5584,coolingtub,1
5585,daughterinlaw,1
5586,quenchingtub,1
5587,created,1
5588,caught,1
5589,disentangle,1
5590,fruitful,1
5591,vine,1
5592,inasmuch,1
5593,damage,1
5594,oakleaf,1
5595,due,1
5596,constantinople,1
5597,indemnity,1
5598,inward,1
5599,hahnenbalken,1
5600,technically,1
5601,tiebeam,1
5602,cottager,1
5603,naturally,1
5604,henbeamctr,1
5605,laziest,1
5606,farthest,1
5607,restingplace,1
5608,oatchest,1
5609,manure,1
5610,halfraise,1
5611,cartful,1
5612,sturdy,1
5613,motheaten,1
5614,quagmire,1
5615,tranquillity,1
5616,ocean,1
5617,pomerania,1
5618,digging,1
5619,biscuit,1
5620,peel,1
5621,negligent,1
5622,fledge,1
5623,wheatfield,1
5624,teaching,1
5625,cherry,1
5626,titbit,1
5627,worldly,1
5628,shiftiness,1
5629,usest,1
5630,confident,1
5631,sparrows,1
5632,sparrowhawks,1
5633,henharrier,1
5634,winnow,1
5635,gin,1
5636,wisest,1
5637,cartroad,1
5638,mountaineer,1
5639,nestling,1
5640,silliest,1
5641,beaks,1
5642,sparrowhawk,1
5643,kite,1
5644,specially,1
5645,preserver,1
5646,heareth,1
5647,ferocious,1
5648,sooth,1
5649,refuge,1
5650,helpest,1
5651,criest,1
5652,commendest,1
5653,schlauraffen,1
5654,lateran,1
5655,outrun,1
5656,fleet,1
5657,cartload,1
5658,ploughing,1
5659,ratisbon,1
5660,treves,1
5661,strasburg,1
5662,bishop,1
5663,suckingchild,1
5664,cocka,1
5665,doodledoo,1
5666,whitsuntide,1
5667,ploughshare,1
5668,stilt,1
5669,deaf,1
5670,butterfly,1
5671,housework,1
5672,trustfully,1
5673,cabbageleaf,1
5674,wrekin,1
5675,halffrozen,1
5676,byandby,1
5677,hazelswitch,1
5678,snowywhite,1
5679,rosyr,1
5680,amuse,1
5681,thaw,1
5682,firewood,1
5683,glare,1
5684,prying,1
5685,milkfaced,1
5686,ugh,1
5687,snarled,1
5688,uncouth,1
5689,unluckily,1
5690,fishingline,1
5691,feeble,1
5692,urgent,1
5693,entangle,1
5694,toadstool,1
5695,clip,1
5696,piteous,1
5697,thanklessness,1
5698,copperr,1
5699,trotting,1
5700,quail,1
5701,mercys,1
5702,honours,1
5703,adroit,1
5704,habitation,1
5705,hoary,1
5706,runagate,1
5707,natured,1
5708,softened,1
5709,unwonted,1
5710,extreme,1
5711,adversarys,1
5712,terrific,1
5713,despatch,1
5714,resign,1
5715,flames,1
5716,mysterious,1
5717,vase,1
5718,bluish,1
5719,structure,1
5720,exactitude,1
5721,rarity,1
5722,complexion,1
5723,fro,1
5724,pushest,1
5725,imprint,1
5726,pas,1
5727,unbroken,1
5728,overflow,1
5729,hospitality,1
5730,intermingle,1
5731,hesitation,1
5732,fastening,1
5733,repugnance,1
5734,vouchsafe,1
5735,declared,1
5736,disquietude,1
5737,palfrey,1
5738,halting,1
5739,rebound,1
5740,comply,1
5741,comforting,1
5742,wearisome,1
5743,employment,1
5744,motion,1
5745,virtuous,1
5746,birds,1
5747,harrys,1
5748,sunny,1
5749,bees,1
5750,nourish,1
5751,hive,1
5752,pitcherful,1
5753,unnecessary,1
5754,uninvited,1
5755,substance,1
5756,worry,1
5757,zeal,1
5758,honeypitcher,1
5759,throughout,1
5760,spiteful,1
5761,tremendously,1
5762,growest,1
5763,doze,1
5764,shabbylooking,1
5765,resolutely,1
5766,goldenyellow,1
5767,hottest,1
5768,refusal,1
5769,hareherd,1
5770,ferryboat,1
5771,springtime,1
5772,manycoloured,1
5773,weapon,1
5774,homesick,1
5775,entrancedoor,1
5776,mealsack,1
5777,bullock,1
5778,walkingstick,1
5779,atravelling,1
5780,wishedfor,1
5781,crunch,1
5782,willowwand,1
5783,faggot,1
5784,snuffle,1
5785,housebuilding,1
5786,shrivelledup,1
5787,hypocrite,1
5788,needest,1
5789,insignificant,1
5790,scrubbingbrush,1
5791,skim,1
5792,enrapture,1
5793,seashore,1
5794,faithless,1
5795,partiality,1
5796,lenz,1
5797,satisfying,1
5798,threatenest,1
5799,lisas,1
5800,wrangle,1
5801,fieldsparrow,1
5802,woodsparrow,1
5803,finch,1
5804,siskin,1
5805,hoot,1
5806,pet,1
5807,obedience,1
5808,refreshing,1
5809,goodnight,1
5810,splitting,1
5811,vast,1
5812,canopy,1
5813,kinder,1
5814,magistrate,1
5815,spitefully,1
5816,wellmeant,1
5817,admonition,1
5818,application,1
5819,clack,1
5820,screeching,1
5821,plover,1
5822,unfrequented,1
5823,chaffinch,1
5824,cuckoo,1
5825,assemblage,1
5826,treefrog,1
5827,hereafter,1
5828,breastfeather,1
5829,penetrating,1
5830,compass,1
5831,steadfastly,1
5832,miscreant,1
5833,zaunknig,1
5834,discontented,1
5835,enforce,1
5836,law,1
5837,file,1
5838,carp,1
5839,winningplace,1
5840,highspirited,1
5841,calling,1
5842,moderation,1
5843,liddesdale,1
5844,hitherto,1
5845,blitter,1
5846,dreary,1
5847,morass,1
5848,highlander,1
5849,resemblance,1
5850,saxon,1
5851,gael,1
5852,mire,1
5853,bumper,1
5854,denominate,1
5855,moo,1
5856,kuhe,1
5857,jamiesons,1
5858,etym,1
5859,scottish,1
5860,bunt,1
5861,herum,1
5862,imitate,1
5863,nowaday,1
5864,extraordinary,1
5865,horned,1
5866,retreat,1
5867,grim,1
5868,les,1
5869,imploringly,1
5870,townsman,1
5871,hayfork,1
5872,senator,1
5873,courageous,1
5874,barndoor,1
5875,shouting,1
5876,ruffle,1
5877,tuwhit,1
5878,tuwhoo,1
5879,halffainting,1
5880,indemnify,1
5881,niggardliness,1
5882,obscurity,1
5883,creation,1
5884,globe,1
5885,climber,1
5886,weekly,1
5887,hedgeshear,1
5888,restless,1
5889,brilliance,1
5890,brawl,1
5891,revolt,1
5892,associate,1
5893,abode,1
5894,reduce,1
5895,subjection,1
5896,existence,1
5897,biting,1
5898,sadness,1
5899,mirth,1
5900,lengthen,1
5901,ancient,1
5902,darest,1
5903,halffaint,1
5904,compassionately,1
5905,strengthening,1
5906,fever,1
5907,dizziness,1
5908,gout,1
5909,toothache,1
5910,pfreim,1
5911,turnedup,1
5912,prominent,1
5913,feature,1
5914,smallpox,1
5915,shaggy,1
5916,criticised,1
5917,barefooted,1
5918,washtub,1
5919,disgraceful,1
5920,extravagance,1
5921,sandstone,1
5922,gravel,1
5923,leatherapron,1
5924,appeal,1
5925,clay,1
5926,yoke,1
5927,heavilyladen,1
5928,knocker,1
5929,knuckle,1
5930,noisily,1
5931,expanse,1
5932,splinter,1
5933,lengthway,1
5934,obliquely,1
5935,recollect,1
5936,pastime,1
5937,amusement,1
5938,unreasonably,1
5939,irresistible,1
5940,things,1
5941,awl,1
5942,hobble,1
5943,collected,1
5944,carried,1
5945,roundabout,1
5946,rueful,1
5947,cobble,1
5948,loitering,1
5949,level,1
5950,bearable,1
5951,turkeycock,1
5952,submit,1
5953,stoutest,1
5954,lass,1
5955,switch,1
5956,stingingnettle,1
5957,groaning,1
5958,wench,1
5959,slide,1
5960,fondle,1
5961,cowslip,1
5962,thyme,1
5963,paddle,1
5964,gust,1
5965,rotten,1
5966,tinder,1
5967,vigour,1
5968,radiant,1
5969,severity,1
5970,hoarse,1
5971,nightowl,1
5972,uhu,1
5973,bleach,1
5974,mask,1
5975,obscure,1
5976,aspenleaf,1
5977,stray,1
5978,illumine,1
5979,purity,1
5980,mossrose,1
5981,finer,1
5982,partly,1
5983,offence,1
5984,handmaid,1
5985,unlike,1
5986,considerable,1
5987,decorously,1
5988,chink,1
5989,respectfully,1
5990,burgher,1
5991,learned,1
5992,illfavoured,1
5993,tanner,1
5994,sailor,1
5995,unequally,1
5996,dividest,1
5997,seamstress,1
5998,nightly,1
5999,untrouble,1
6000,truehearted,1
6001,disembowel,1
6002,bloodstained,1
6003,smilingly,1
6004,revile,1
6005,crescent,1
6006,steadily,1
6007,sob,1
6008,slope,1
6009,laboriously,1
6010,sought,1
6011,disc,1
6012,peaceful,1
6013,longingly,1
6014,waterspout,1
6015,fled,1
6016,implore,1
6017,disperse,1
6018,native,1
6019,shepherdess,1
6020,distinct,1
6021,whirl,1
6022,charmingly,1
6023,particoloured,1
6024,irongrey,1
6025,hunchback,1
6026,wildest,1
6027,gesture,1
6028,monastery,1
6029,strawbed,1
6030,earlier,1
6031,object,1
6032,anticipation,1
6033,enormously,1
6034,amazed,1
6035,addition,1
6036,whimper,1
6037,sixtyfive,1
6038,leapyear,1
6039,boaster,1
6040,clownish,1
6041,credulous,1
6042,ostentatious,1
6043,willowbranch,1
6044,unfortunately,1
6045,unlucky,1
6046,shepherdboy,1
6047,quickset,1
6048,herdsman,1
6049,cluster,1
6050,yearly,1
6051,nourishing,1
6052,hungarian,1
6053,stagger,1
6054,newly,1
6055,nightdew,1
6056,pang,1
6057,marvel,1
6058,barely,1
6059,invisibly,1
6060,pillar,1
6061,weathercock,1
6062,parrot,1
6063,gilt,1
6064,balustrade,1
6065,flowering,1
6066,defective,1
6067,brazen,1
6068,coalbox,1
6069,waterpail,1
6070,abundantly,1
6071,reconcile,1
6072,gratify,1
6073,wooers,1
6074,returnest,1
6075,herdswoman,1
6076,proudly,1
6077,adorn,1
6078,brightlylighted,1
6079,halfmoon,1
6080,hairribbon,1
6081,leftest,1
6082,illuminate,1
6083,glowworm,1
6084,fragrance,1
6085,complacently,1
6086,warmly,1
6087,stubblefield,1
6088,akimbo,1
6089,trill,1
6090,accustomed,1
6091,sloebush,1
6092,turnipfield,1
6093,contemptuous,1
6094,outstrip,1
6095,done,1
6096,fasting,1
6097,racecourse,1
6098,whirlwind,1
6099,seventythree,1
6100,seventyfourth,1
6101,moral,1
6102,firstly,1
6103,position,1
6104,hamburg,1
6105,forlorn,1
6106,educate,1
6107,curtsey,1
6108,blush,1
6109,loom,1
6110,lilies,1
6111,rabbit,1
6112,brightlycoloured,1
6113,sharppoint,1
6114,farsighted,1
6115,division,1
6116,stubble,1
6117,battlement,1
6118,subject,1
6119,effectually,1
6120,ninetyseven,1
6121,desirous,1
6122,limepit,1
6123,ninetieth,1
6124,missed,1
6125,puzzle,1
6126,hundredth,1
6127,stallkeeper,1
6128,dealer,1
6129,idiot,1
6130,destiny,1
6131,countryfolk,1
6132,neerdowell,1
6133,knotted,1
6134,gardening,1
6135,trees,1
6136,birthmark,1
6137,luxury,1
6138,superfluity,1
6139,dexterity,1
6140,font,1
6141,leniently,1
6142,pridest,1
6143,hungary,1
6144,tottering,1
6145,asthmatic,1
6146,goody,1
6147,saddled,1
6148,ridinghorse,1
6149,wisp,1
6150,girth,1
6151,unloos,1
6152,countesss,1
6153,scapegrace,1
6154,villain,1
6155,wrap,1
6156,magnanimity,1
6157,gainsay,1
6158,reached,1
6159,villagechurch,1
6160,monk,1
6161,cowl,1
6162,sinful,1
6163,unusual,1
6164,precedence,1
6165,dragged,1
6166,pulpitstep,1
6167,bump,1
6168,outer,1
6169,captivity,1
6170,escapest,1
6171,elevation,1
6172,r�veill�,1
6173,demanded,1
6174,cleanse,1
6175,stoopest,1
6176,belt,1
6177,meddle,1
6178,goal,1
6179,wondrously,1
6180,fishes,1
6181,scornfully,1
6182,progress,1
6183,sneak,1
6184,singe,1
6185,cram,1
6186,ceremoney,1
6187,crouch,1
6188,moonbeam,1
6189,strangermaiden,1
6190,unfaithfully,1
6191,compensation,1
6192,fruitfulness,1
6193,soil,1
6194,hundredfold,1
6195,indifferent,1
6196,bystander,1
6197,undeserve,1
6198,wellfed,1
6199,survey,1
6200,gravemound,1
6201,uneasiness,1
6202,churchyardwall,1
6203,scar,1
6204,paidoff,1
6205,softer,1
6206,moneychanger,1
6207,overgrown,1
6208,chimneysweep,1
6209,clink,1
6210,shamefully,1
6211,stingy,1
6212,feder,1
6213,spiel,1
6214,plumed,1
6215,rocky,1
6216,spout,1
6217,jet,1
6218,threeandtwenty,1
6219,wishingcap,1
6220,blear,1
6221,descendest,1
6222,yolk,1
6223,forced,1
6224,swoop,1
6225,reject,1
6226,sunlight,1
6227,perverse,1
6228,waitingwoman,1
6229,diminution,1
6230,breadknife,1
6231,weddingclothe,1
6232,immeasureable,1
6233,impostor,1
6234,lights,1
6235,kling,1
6236,klang,1
6237,glorium,1
6238,waterproof,1
6239,shootingcoat,1
6240,blac,1
6241,drife,1
6242,vehemently,1
6243,mood,1
6244,clan,1
6245,tent,1
6246,commission,1
6247,rout,1
6248,straggler,1
6249,bodyguard,1
6250,huntingcoat,1
6251,sledge,1
6252,packed,1
6253,rude,1
6254,loved,1
6255,venerable,1
6256,josephs,1
6257,whitehaired,1
6258,lizard,1
6259,christ,1
6260,redeemer,1
6261,cliff,1
6262,guardian,1
6263,humility,1
6264,illnatured,1
6265,wastedaway,1
6266,sacrament,1
6267,elevate,1
6268,supplication,1
6269,prophet,1
6270,carelessly,1
6271,injustice,1
6272,judgement,1
6273,petition,1
6274,bluster,1
6275,convert,1
6276,stripe,1
6277,bindweed,1
6278,ladys,1
6279,desolate,1
6280,oldfashioned,1
6281,dealt,1
6282,peasantboy,1
6283,goodwill,1
6284,communion,1
6285,cradlebed,1
6286,hazelbranch,1
6287,safest,1
